DateTime,Rg
2013-04-01 00:00:00,1511.0
2013-04-01 01:00:00,0.0
2013-04-01 02:00:00,0.0
2013-04-01 03:00:00,0.0
2013-04-01 04:00:00,20.0
2013-04-01 05:00:00,130.0
2013-04-01 06:00:00,375.0
2013-04-01 07:00:00,777.0
2013-04-01 08:00:00,1282.0
2013-04-01 09:00:00,1837.0
2013-04-01 10:00:00,2447.0
2013-04-01 11:00:00,2986.0
2013-04-01 12:00:00,3443.0
2013-04-01 13:00:00,3731.0
2013-04-01 14:00:00,3912.0
2013-04-01 15:00:00,4009.0
2013-04-01 16:00:00,4031.0
2013-04-01 17:00:00,4031.0
2013-04-01 18:00:00,4031.0
2013-04-01 19:00:00,4031.0
2013-04-01 20:00:00,4031.0
2013-04-01 21:00:00,4031.0
2013-04-01 22:00:00,4031.0
2013-04-01 23:00:00,4031.0
2013-04-02 00:00:00,4031.0
2013-04-02 01:00:00,0.0
2013-04-02 02:00:00,0.0
2013-04-02 03:00:00,0.0
2013-04-02 04:00:00,14.0
2013-04-02 05:00:00,79.0
2013-04-02 06:00:00,203.0
2013-04-02 07:00:00,427.0
2013-04-02 08:00:00,634.0
2013-04-02 09:00:00,785.0
2013-04-02 10:00:00,909.0
2013-04-02 11:00:00,1025.0
2013-04-02 12:00:00,1137.0
2013-04-02 13:00:00,1274.0
2013-04-02 14:00:00,1351.0
2013-04-02 15:00:00,1380.0
2013-04-02 16:00:00,1391.0
2013-04-02 17:00:00,1391.0
2013-04-02 18:00:00,1391.0
2013-04-02 19:00:00,1391.0
2013-04-02 20:00:00,1391.0
2013-04-02 21:00:00,1391.0
2013-04-02 22:00:00,1391.0
2013-04-02 23:00:00,1391.0
2013-04-03 00:00:00,1391.0
2013-04-03 01:00:00,0.0
2013-04-03 02:00:00,0.0
2013-04-03 03:00:00,0.0
2013-04-03 04:00:00,22.0
2013-04-03 05:00:00,131.0
2013-04-03 06:00:00,341.0
2013-04-03 07:00:00,723.0
2013-04-03 08:00:00,1135.0
2013-04-03 09:00:00,1601.0
2013-04-03 10:00:00,2101.0
2013-04-03 11:00:00,2523.0
2013-04-03 12:00:00,2913.0
2013-04-03 13:00:00,3176.0
2013-04-03 14:00:00,3343.0
2013-04-03 15:00:00,3427.0
2013-04-03 16:00:00,3449.0
2013-04-03 17:00:00,3449.0
2013-04-03 18:00:00,3449.0
2013-04-03 19:00:00,3449.0
2013-04-03 20:00:00,3449.0
2013-04-03 21:00:00,3449.0
2013-04-03 22:00:00,3449.0
2013-04-03 23:00:00,3449.0
2013-04-04 00:00:00,3449.0
2013-04-04 01:00:00,0.0
2013-04-04 02:00:00,0.0
2013-04-04 03:00:00,0.0
2013-04-04 04:00:00,23.0
2013-04-04 05:00:00,131.0
2013-04-04 06:00:00,344.0
2013-04-04 07:00:00,612.0
2013-04-04 08:00:00,957.0
2013-04-04 09:00:00,1432.0
2013-04-04 10:00:00,1967.0
2013-04-04 11:00:00,2513.0
2013-04-04 12:00:00,3048.0
2013-04-04 13:00:00,3510.0
2013-04-04 14:00:00,3853.0
2013-04-04 15:00:00,4039.0
2013-04-04 16:00:00,4092.0
2013-04-04 17:00:00,4092.0
2013-04-04 18:00:00,4092.0
2013-04-04 19:00:00,4092.0
2013-04-04 20:00:00,4092.0
2013-04-04 21:00:00,4092.0
2013-04-04 22:00:00,4092.0
2013-04-04 23:00:00,4092.0
2013-04-05 00:00:00,4092.0
2013-04-05 01:00:00,0.0
2013-04-05 02:00:00,0.0
2013-04-05 03:00:00,0.0
2013-04-05 04:00:00,29.0
2013-04-05 05:00:00,167.0
2013-04-05 06:00:00,412.0
2013-04-05 07:00:00,800.0
2013-04-05 08:00:00,1327.0
2013-04-05 09:00:00,1874.0
2013-04-05 10:00:00,2477.0
2013-04-05 11:00:00,3062.0
2013-04-05 12:00:00,3598.0
2013-04-05 13:00:00,4013.0
2013-04-05 14:00:00,4208.0
2013-04-05 15:00:00,4319.0
2013-04-05 16:00:00,4343.0
2013-04-05 17:00:00,4344.0
2013-04-05 18:00:00,4344.0
2013-04-05 19:00:00,4344.0
2013-04-05 20:00:00,4344.0
2013-04-05 21:00:00,4344.0
2013-04-05 22:00:00,4344.0
2013-04-05 23:00:00,4344.0
2013-04-06 00:00:00,4344.0
2013-04-06 01:00:00,0.0
2013-04-06 02:00:00,0.0
2013-04-06 03:00:00,0.0
2013-04-06 04:00:00,18.0
2013-04-06 05:00:00,94.0
2013-04-06 06:00:00,211.0
2013-04-06 07:00:00,463.0
2013-04-06 08:00:00,743.0
2013-04-06 09:00:00,1025.0
2013-04-06 10:00:00,1255.0
2013-04-06 11:00:00,1518.0
2013-04-06 12:00:00,1767.0
2013-04-06 13:00:00,1869.0
2013-04-06 14:00:00,1921.0
2013-04-06 15:00:00,1961.0
2013-04-06 16:00:00,1977.0
2013-04-06 17:00:00,1977.0
2013-04-06 18:00:00,1977.0
2013-04-06 19:00:00,1977.0
2013-04-06 20:00:00,1977.0
2013-04-06 21:00:00,1977.0
2013-04-06 22:00:00,1977.0
2013-04-06 23:00:00,1977.0
2013-04-07 00:00:00,1977.0
2013-04-07 01:00:00,0.0
2013-04-07 02:00:00,0.0
2013-04-07 03:00:00,0.0
2013-04-07 04:00:00,10.0
2013-04-07 05:00:00,58.0
2013-04-07 06:00:00,143.0
2013-04-07 07:00:00,253.0
2013-04-07 08:00:00,421.0
2013-04-07 09:00:00,596.0
2013-04-07 10:00:00,824.0
2013-04-07 11:00:00,1015.0
2013-04-07 12:00:00,1136.0
2013-04-07 13:00:00,1270.0
2013-04-07 14:00:00,1353.0
2013-04-07 15:00:00,1418.0
2013-04-07 16:00:00,1445.0
2013-04-07 17:00:00,1446.0
2013-04-07 18:00:00,1446.0
2013-04-07 19:00:00,1446.0
2013-04-07 20:00:00,1446.0
2013-04-07 21:00:00,1446.0
2013-04-07 22:00:00,1446.0
2013-04-07 23:00:00,1446.0
2013-04-08 00:00:00,1446.0
2013-04-08 01:00:00,0.0
2013-04-08 02:00:00,0.0
2013-04-08 03:00:00,0.0
2013-04-08 04:00:00,44.0
2013-04-08 05:00:00,208.0
2013-04-08 06:00:00,513.0
2013-04-08 07:00:00,924.0
2013-04-08 08:00:00,1274.0
2013-04-08 09:00:00,1575.0
2013-04-08 10:00:00,1857.0
2013-04-08 11:00:00,2152.0
2013-04-08 12:00:00,2452.0
2013-04-08 13:00:00,2695.0
2013-04-08 14:00:00,2870.0
2013-04-08 15:00:00,2986.0
2013-04-08 16:00:00,3023.0
2013-04-08 17:00:00,3024.0
2013-04-08 18:00:00,3024.0
2013-04-08 19:00:00,3024.0
2013-04-08 20:00:00,3024.0
2013-04-08 21:00:00,3024.0
2013-04-08 22:00:00,3024.0
2013-04-08 23:00:00,3024.0
2013-04-09 00:00:00,3024.0
2013-04-09 01:00:00,0.0
2013-04-09 02:00:00,0.0
2013-04-09 03:00:00,0.0
2013-04-09 04:00:00,52.0
2013-04-09 05:00:00,251.0
2013-04-09 06:00:00,617.0
2013-04-09 07:00:00,1136.0
2013-04-09 08:00:00,1778.0
2013-04-09 09:00:00,2502.0
2013-04-09 10:00:00,3249.0
2013-04-09 11:00:00,3970.0
2013-04-09 12:00:00,4607.0
2013-04-09 13:00:00,5135.0
2013-04-09 14:00:00,5519.0
2013-04-09 15:00:00,5742.0
2013-04-09 16:00:00,5815.0
2013-04-09 17:00:00,5817.0
2013-04-09 18:00:00,5817.0
2013-04-09 19:00:00,5817.0
2013-04-09 20:00:00,5817.0
2013-04-09 21:00:00,5817.0
2013-04-09 22:00:00,5817.0
2013-04-09 23:00:00,5817.0
2013-04-10 00:00:00,5817.0
2013-04-10 01:00:00,0.0
2013-04-10 02:00:00,0.0
2013-04-10 03:00:00,0.0
2013-04-10 04:00:00,55.0
2013-04-10 05:00:00,256.0
2013-04-10 06:00:00,618.0
2013-04-10 07:00:00,1139.0
2013-04-10 08:00:00,1784.0
2013-04-10 09:00:00,2511.0
2013-04-10 10:00:00,3259.0
2013-04-10 11:00:00,3970.0
2013-04-10 12:00:00,4600.0
2013-04-10 13:00:00,5117.0
2013-04-10 14:00:00,5487.0
2013-04-10 15:00:00,5692.0
2013-04-10 16:00:00,5762.0
2013-04-10 17:00:00,5765.0
2013-04-10 18:00:00,5765.0
2013-04-10 19:00:00,5765.0
2013-04-10 20:00:00,5765.0
2013-04-10 21:00:00,5765.0
2013-04-10 22:00:00,5765.0
2013-04-10 23:00:00,5765.0
2013-04-11 00:00:00,5765.0
2013-04-11 01:00:00,0.0
2013-04-11 02:00:00,0.0
2013-04-11 03:00:00,0.0
2013-04-11 04:00:00,41.0
2013-04-11 05:00:00,166.0
2013-04-11 06:00:00,393.0
2013-04-11 07:00:00,722.0
2013-04-11 08:00:00,1158.0
2013-04-11 09:00:00,1679.0
2013-04-11 10:00:00,2232.0
2013-04-11 11:00:00,2831.0
2013-04-11 12:00:00,3391.0
2013-04-11 13:00:00,3810.0
2013-04-11 14:00:00,4082.0
2013-04-11 15:00:00,4231.0
2013-04-11 16:00:00,4288.0
2013-04-11 17:00:00,4291.0
2013-04-11 18:00:00,4291.0
2013-04-11 19:00:00,4291.0
2013-04-11 20:00:00,4291.0
2013-04-11 21:00:00,4291.0
2013-04-11 22:00:00,4291.0
2013-04-11 23:00:00,4291.0
2013-04-12 00:00:00,4291.0
2013-04-12 01:00:00,0.0
2013-04-12 02:00:00,0.0
2013-04-12 03:00:00,1.0
2013-04-12 04:00:00,48.0
2013-04-12 05:00:00,216.0
2013-04-12 06:00:00,552.0
2013-04-12 07:00:00,872.0
2013-04-12 08:00:00,1286.0
2013-04-12 09:00:00,1716.0
2013-04-12 10:00:00,2122.0
2013-04-12 11:00:00,2508.0
2013-04-12 12:00:00,2951.0
2013-04-12 13:00:00,3291.0
2013-04-12 14:00:00,3493.0
2013-04-12 15:00:00,3624.0
2013-04-12 16:00:00,3683.0
2013-04-12 17:00:00,3686.0
2013-04-12 18:00:00,3686.0
2013-04-12 19:00:00,3686.0
2013-04-12 20:00:00,3686.0
2013-04-12 21:00:00,3686.0
2013-04-12 22:00:00,3686.0
2013-04-12 23:00:00,3686.0
2013-04-13 00:00:00,3686.0
2013-04-13 01:00:00,0.0
2013-04-13 02:00:00,0.0
2013-04-13 03:00:00,1.0
2013-04-13 04:00:00,63.0
2013-04-13 05:00:00,265.0
2013-04-13 06:00:00,613.0
2013-04-13 07:00:00,1051.0
2013-04-13 08:00:00,1678.0
2013-04-13 09:00:00,2177.0
2013-04-13 10:00:00,2554.0
2013-04-13 11:00:00,2914.0
2013-04-13 12:00:00,3213.0
2013-04-13 13:00:00,3441.0
2013-04-13 14:00:00,3615.0
2013-04-13 15:00:00,3745.0
2013-04-13 16:00:00,3781.0
2013-04-13 17:00:00,3782.0
2013-04-13 18:00:00,3782.0
2013-04-13 19:00:00,3782.0
2013-04-13 20:00:00,3782.0
2013-04-13 21:00:00,3782.0
2013-04-13 22:00:00,3782.0
2013-04-13 23:00:00,3782.0
2013-04-14 00:00:00,3782.0
2013-04-14 01:00:00,0.0
2013-04-14 02:00:00,0.0
2013-04-14 03:00:00,0.0
2013-04-14 04:00:00,15.0
2013-04-14 05:00:00,63.0
2013-04-14 06:00:00,188.0
2013-04-14 07:00:00,397.0
2013-04-14 08:00:00,733.0
2013-04-14 09:00:00,1059.0
2013-04-14 10:00:00,1305.0
2013-04-14 11:00:00,1464.0
2013-04-14 12:00:00,1620.0
2013-04-14 13:00:00,1758.0
2013-04-14 14:00:00,1858.0
2013-04-14 15:00:00,1918.0
2013-04-14 16:00:00,1941.0
2013-04-14 17:00:00,1943.0
2013-04-14 18:00:00,1943.0
2013-04-14 19:00:00,1943.0
2013-04-14 20:00:00,1943.0
2013-04-14 21:00:00,1943.0
2013-04-14 22:00:00,1943.0
2013-04-14 23:00:00,1943.0
2013-04-15 00:00:00,1943.0
2013-04-15 01:00:00,0.0
2013-04-15 02:00:00,0.0
2013-04-15 03:00:00,1.0
2013-04-15 04:00:00,64.0
2013-04-15 05:00:00,255.0
2013-04-15 06:00:00,598.0
2013-04-15 07:00:00,1107.0
2013-04-15 08:00:00,1737.0
2013-04-15 09:00:00,2450.0
2013-04-15 10:00:00,3190.0
2013-04-15 11:00:00,3918.0
2013-04-15 12:00:00,4586.0
2013-04-15 13:00:00,5084.0
2013-04-15 14:00:00,5491.0
2013-04-15 15:00:00,5733.0
2013-04-15 16:00:00,5825.0
2013-04-15 17:00:00,5831.0
2013-04-15 18:00:00,5831.0
2013-04-15 19:00:00,5831.0
2013-04-15 20:00:00,5831.0
2013-04-15 21:00:00,5831.0
2013-04-15 22:00:00,5831.0
2013-04-15 23:00:00,5831.0
2013-04-16 00:00:00,5831.0
2013-04-16 01:00:00,0.0
2013-04-16 02:00:00,0.0
2013-04-16 03:00:00,3.0
2013-04-16 04:00:00,81.0
2013-04-16 05:00:00,311.0
2013-04-16 06:00:00,708.0
2013-04-16 07:00:00,1252.0
2013-04-16 08:00:00,1917.0
2013-04-16 09:00:00,2663.0
2013-04-16 10:00:00,3438.0
2013-04-16 11:00:00,4190.0
2013-04-16 12:00:00,4870.0
2013-04-16 13:00:00,5434.0
2013-04-16 14:00:00,5851.0
2013-04-16 15:00:00,6104.0
2013-04-16 16:00:00,6202.0
2013-04-16 17:00:00,6209.0
2013-04-16 18:00:00,6209.0
2013-04-16 19:00:00,6209.0
2013-04-16 20:00:00,6209.0
2013-04-16 21:00:00,6209.0
2013-04-16 22:00:00,6209.0
2013-04-16 23:00:00,6209.0
2013-04-17 00:00:00,6209.0
2013-04-17 01:00:00,0.0
2013-04-17 02:00:00,0.0
2013-04-17 03:00:00,3.0
2013-04-17 04:00:00,84.0
2013-04-17 05:00:00,314.0
2013-04-17 06:00:00,704.0
2013-04-17 07:00:00,1240.0
2013-04-17 08:00:00,1898.0
2013-04-17 09:00:00,2633.0
2013-04-17 10:00:00,3395.0
2013-04-17 11:00:00,4134.0
2013-04-17 12:00:00,4802.0
2013-04-17 13:00:00,5356.0
2013-04-17 14:00:00,5765.0
2013-04-17 15:00:00,6012.0
2013-04-17 16:00:00,6110.0
2013-04-17 17:00:00,6118.0
2013-04-17 18:00:00,6118.0
2013-04-17 19:00:00,6118.0
2013-04-17 20:00:00,6118.0
2013-04-17 21:00:00,6118.0
2013-04-17 22:00:00,6118.0
2013-04-17 23:00:00,6118.0
2013-04-18 00:00:00,6118.0
2013-04-18 01:00:00,0.0
2013-04-18 02:00:00,0.0
2013-04-18 03:00:00,4.0
2013-04-18 04:00:00,89.0
2013-04-18 05:00:00,324.0
2013-04-18 06:00:00,722.0
2013-04-18 07:00:00,1271.0
2013-04-18 08:00:00,1939.0
2013-04-18 09:00:00,2685.0
2013-04-18 10:00:00,3463.0
2013-04-18 11:00:00,4218.0
2013-04-18 12:00:00,4898.0
2013-04-18 13:00:00,5460.0
2013-04-18 14:00:00,5845.0
2013-04-18 15:00:00,6095.0
2013-04-18 16:00:00,6198.0
2013-04-18 17:00:00,6206.0
2013-04-18 18:00:00,6206.0
2013-04-18 19:00:00,6206.0
2013-04-18 20:00:00,6206.0
2013-04-18 21:00:00,6206.0
2013-04-18 22:00:00,6206.0
2013-04-18 23:00:00,6206.0
2013-04-19 00:00:00,6206.0
2013-04-19 01:00:00,0.0
2013-04-19 02:00:00,0.0
2013-04-19 03:00:00,5.0
2013-04-19 04:00:00,95.0
2013-04-19 05:00:00,335.0
2013-04-19 06:00:00,738.0
2013-04-19 07:00:00,1287.0
2013-04-19 08:00:00,1955.0
2013-04-19 09:00:00,2698.0
2013-04-19 10:00:00,3468.0
2013-04-19 11:00:00,4215.0
2013-04-19 12:00:00,4889.0
2013-04-19 13:00:00,5452.0
2013-04-19 14:00:00,5869.0
2013-04-19 15:00:00,6126.0
2013-04-19 16:00:00,6231.0
2013-04-19 17:00:00,6240.0
2013-04-19 18:00:00,6240.0
2013-04-19 19:00:00,6240.0
2013-04-19 20:00:00,6240.0
2013-04-19 21:00:00,6240.0
2013-04-19 22:00:00,6240.0
2013-04-19 23:00:00,6240.0
2013-04-20 00:00:00,6240.0
2013-04-20 01:00:00,0.0
2013-04-20 02:00:00,0.0
2013-04-20 03:00:00,6.0
2013-04-20 04:00:00,98.0
2013-04-20 05:00:00,340.0
2013-04-20 06:00:00,743.0
2013-04-20 07:00:00,1296.0
2013-04-20 08:00:00,1965.0
2013-04-20 09:00:00,2710.0
2013-04-20 10:00:00,3482.0
2013-04-20 11:00:00,4231.0
2013-04-20 12:00:00,4881.0
2013-04-20 13:00:00,5419.0
2013-04-20 14:00:00,5754.0
2013-04-20 15:00:00,5965.0
2013-04-20 16:00:00,6050.0
2013-04-20 17:00:00,6059.0
2013-04-20 18:00:00,6059.0
2013-04-20 19:00:00,6059.0
2013-04-20 20:00:00,6059.0
2013-04-20 21:00:00,6059.0
2013-04-20 22:00:00,6059.0
2013-04-20 23:00:00,6059.0
2013-04-21 00:00:00,6059.0
2013-04-21 01:00:00,0.0
2013-04-21 02:00:00,0.0
2013-04-21 03:00:00,7.0
2013-04-21 04:00:00,94.0
2013-04-21 05:00:00,307.0
2013-04-21 06:00:00,637.0
2013-04-21 07:00:00,989.0
2013-04-21 08:00:00,1424.0
2013-04-21 09:00:00,1807.0
2013-04-21 10:00:00,2160.0
2013-04-21 11:00:00,2425.0
2013-04-21 12:00:00,2636.0
2013-04-21 13:00:00,2860.0
2013-04-21 14:00:00,3116.0
2013-04-21 15:00:00,3265.0
2013-04-21 16:00:00,3342.0
2013-04-21 17:00:00,3352.0
2013-04-21 18:00:00,3352.0
2013-04-21 19:00:00,3352.0
2013-04-21 20:00:00,3352.0
2013-04-21 21:00:00,3352.0
2013-04-21 22:00:00,3352.0
2013-04-21 23:00:00,3352.0
2013-04-22 00:00:00,3352.0
2013-04-22 01:00:00,0.0
2013-04-22 02:00:00,0.0
2013-04-22 03:00:00,8.0
2013-04-22 04:00:00,111.0
2013-04-22 05:00:00,367.0
2013-04-22 06:00:00,787.0
2013-04-22 07:00:00,1355.0
2013-04-22 08:00:00,1920.0
2013-04-22 09:00:00,2400.0
2013-04-22 10:00:00,2912.0
2013-04-22 11:00:00,3431.0
2013-04-22 12:00:00,4076.0
2013-04-22 13:00:00,4593.0
2013-04-22 14:00:00,4975.0
2013-04-22 15:00:00,5194.0
2013-04-22 16:00:00,5286.0
2013-04-22 17:00:00,5297.0
2013-04-22 18:00:00,5297.0
2013-04-22 19:00:00,5297.0
2013-04-22 20:00:00,5297.0
2013-04-22 21:00:00,5297.0
2013-04-22 22:00:00,5297.0
2013-04-22 23:00:00,5297.0
2013-04-23 00:00:00,5297.0
2013-04-23 01:00:00,0.0
2013-04-23 02:00:00,0.0
2013-04-23 03:00:00,8.0
2013-04-23 04:00:00,84.0
2013-04-23 05:00:00,293.0
2013-04-23 06:00:00,663.0
2013-04-23 07:00:00,1211.0
2013-04-23 08:00:00,1804.0
2013-04-23 09:00:00,2413.0
2013-04-23 10:00:00,2967.0
2013-04-23 11:00:00,3560.0
2013-04-23 12:00:00,4080.0
2013-04-23 13:00:00,4528.0
2013-04-23 14:00:00,4823.0
2013-04-23 15:00:00,5012.0
2013-04-23 16:00:00,5114.0
2013-04-23 17:00:00,5129.0
2013-04-23 18:00:00,5129.0
2013-04-23 19:00:00,5129.0
2013-04-23 20:00:00,5129.0
2013-04-23 21:00:00,5129.0
2013-04-23 22:00:00,5129.0
2013-04-23 23:00:00,5129.0
2013-04-24 00:00:00,5129.0
2013-04-24 01:00:00,0.0
2013-04-24 02:00:00,0.0
2013-04-24 03:00:00,11.0
2013-04-24 04:00:00,121.0
2013-04-24 05:00:00,385.0
2013-04-24 06:00:00,806.0
2013-04-24 07:00:00,1353.0
2013-04-24 08:00:00,1888.0
2013-04-24 09:00:00,2365.0
2013-04-24 10:00:00,2940.0
2013-04-24 11:00:00,3610.0
2013-04-24 12:00:00,4166.0
2013-04-24 13:00:00,4616.0
2013-04-24 14:00:00,4977.0
2013-04-24 15:00:00,5189.0
2013-04-24 16:00:00,5287.0
2013-04-24 17:00:00,5299.0
2013-04-24 18:00:00,5299.0
2013-04-24 19:00:00,5299.0
2013-04-24 20:00:00,5299.0
2013-04-24 21:00:00,5299.0
2013-04-24 22:00:00,5299.0
2013-04-24 23:00:00,5299.0
2013-04-25 00:00:00,5299.0
2013-04-25 01:00:00,0.0
2013-04-25 02:00:00,0.0
2013-04-25 03:00:00,11.0
2013-04-25 04:00:00,102.0
2013-04-25 05:00:00,339.0
2013-04-25 06:00:00,744.0
2013-04-25 07:00:00,1251.0
2013-04-25 08:00:00,1858.0
2013-04-25 09:00:00,2518.0
2013-04-25 10:00:00,3138.0
2013-04-25 11:00:00,3683.0
2013-04-25 12:00:00,4072.0
2013-04-25 13:00:00,4368.0
2013-04-25 14:00:00,4585.0
2013-04-25 15:00:00,4697.0
2013-04-25 16:00:00,4738.0
2013-04-25 17:00:00,4750.0
2013-04-25 18:00:00,4750.0
2013-04-25 19:00:00,4750.0
2013-04-25 20:00:00,4750.0
2013-04-25 21:00:00,4750.0
2013-04-25 22:00:00,4750.0
2013-04-25 23:00:00,4750.0
2013-04-26 00:00:00,4750.0
2013-04-26 01:00:00,0.0
2013-04-26 02:00:00,0.0
2013-04-26 03:00:00,14.0
2013-04-26 04:00:00,134.0
2013-04-26 05:00:00,411.0
2013-04-26 06:00:00,851.0
2013-04-26 07:00:00,1441.0
2013-04-26 08:00:00,2147.0
2013-04-26 09:00:00,2924.0
2013-04-26 10:00:00,3720.0
2013-04-26 11:00:00,4469.0
2013-04-26 12:00:00,5121.0
2013-04-26 13:00:00,5680.0
2013-04-26 14:00:00,6103.0
2013-04-26 15:00:00,6384.0
2013-04-26 16:00:00,6510.0
2013-04-26 17:00:00,6529.0
2013-04-26 18:00:00,6529.0
2013-04-26 19:00:00,6529.0
2013-04-26 20:00:00,6529.0
2013-04-26 21:00:00,6529.0
2013-04-26 22:00:00,6529.0
2013-04-26 23:00:00,6529.0
2013-04-27 00:00:00,6529.0
2013-04-27 01:00:00,0.0
2013-04-27 02:00:00,0.0
2013-04-27 03:00:00,15.0
2013-04-27 04:00:00,125.0
2013-04-27 05:00:00,357.0
2013-04-27 06:00:00,732.0
2013-04-27 07:00:00,1289.0
2013-04-27 08:00:00,1955.0
2013-04-27 09:00:00,2663.0
2013-04-27 10:00:00,3374.0
2013-04-27 11:00:00,4100.0
2013-04-27 12:00:00,4691.0
2013-04-27 13:00:00,5240.0
2013-04-27 14:00:00,5672.0
2013-04-27 15:00:00,5950.0
2013-04-27 16:00:00,6075.0
2013-04-27 17:00:00,6094.0
2013-04-27 18:00:00,6094.0
2013-04-27 19:00:00,6094.0
2013-04-27 20:00:00,6094.0
2013-04-27 21:00:00,6094.0
2013-04-27 22:00:00,6094.0
2013-04-27 23:00:00,6094.0
2013-04-28 00:00:00,6094.0
2013-04-28 01:00:00,0.0
2013-04-28 02:00:00,0.0
2013-04-28 03:00:00,16.0
2013-04-28 04:00:00,124.0
2013-04-28 05:00:00,374.0
2013-04-28 06:00:00,757.0
2013-04-28 07:00:00,1265.0
2013-04-28 08:00:00,1914.0
2013-04-28 09:00:00,2633.0
2013-04-28 10:00:00,3384.0
2013-04-28 11:00:00,4100.0
2013-04-28 12:00:00,4725.0
2013-04-28 13:00:00,5255.0
2013-04-28 14:00:00,5674.0
2013-04-28 15:00:00,5936.0
2013-04-28 16:00:00,6055.0
2013-04-28 17:00:00,6073.0
2013-04-28 18:00:00,6073.0
2013-04-28 19:00:00,6073.0
2013-04-28 20:00:00,6073.0
2013-04-28 21:00:00,6073.0
2013-04-28 22:00:00,6073.0
2013-04-28 23:00:00,6073.0
2013-04-29 00:00:00,6073.0
2013-04-29 01:00:00,0.0
2013-04-29 02:00:00,0.0
2013-04-29 03:00:00,8.0
2013-04-29 04:00:00,47.0
2013-04-29 05:00:00,189.0
2013-04-29 06:00:00,550.0
2013-04-29 07:00:00,1071.0
2013-04-29 08:00:00,1677.0
2013-04-29 09:00:00,2310.0
2013-04-29 10:00:00,2997.0
2013-04-29 11:00:00,3680.0
2013-04-29 12:00:00,4258.0
2013-04-29 13:00:00,4668.0
2013-04-29 14:00:00,4939.0
2013-04-29 15:00:00,5085.0
2013-04-29 16:00:00,5158.0
2013-04-29 17:00:00,5174.0
2013-04-29 18:00:00,5174.0
2013-04-29 19:00:00,5174.0
2013-04-29 20:00:00,5174.0
2013-04-29 21:00:00,5174.0
2013-04-29 22:00:00,5174.0
2013-04-29 23:00:00,5174.0
2013-04-30 00:00:00,5174.0
2013-04-30 01:00:00,0.0
2013-04-30 02:00:00,0.0
2013-04-30 03:00:00,16.0
2013-04-30 04:00:00,107.0
2013-04-30 05:00:00,303.0
2013-04-30 06:00:00,650.0
2013-04-30 07:00:00,1118.0
2013-04-30 08:00:00,1621.0
2013-04-30 09:00:00,2248.0
2013-04-30 10:00:00,2950.0
2013-04-30 11:00:00,3615.0
2013-04-30 12:00:00,4276.0
2013-04-30 13:00:00,4832.0
2013-04-30 14:00:00,5221.0
2013-04-30 15:00:00,5393.0
2013-04-30 16:00:00,5455.0
2013-04-30 17:00:00,5466.0
2013-04-30 18:00:00,5466.0
2013-04-30 19:00:00,5466.0
2013-04-30 20:00:00,5466.0
2013-04-30 21:00:00,5466.0
2013-04-30 22:00:00,5466.0
2013-04-30 23:00:00,5466.0
2013-05-01 00:00:00,5466.0
2013-05-01 01:00:00,0.0
2013-05-01 02:00:00,0.0
2013-05-01 03:00:00,19.0
2013-05-01 04:00:00,135.0
2013-05-01 05:00:00,392.0
2013-05-01 06:00:00,782.0
2013-05-01 07:00:00,1276.0
2013-05-01 08:00:00,1838.0
2013-05-01 09:00:00,2488.0
2013-05-01 10:00:00,3163.0
2013-05-01 11:00:00,3867.0
2013-05-01 12:00:00,4421.0
2013-05-01 13:00:00,4891.0
2013-05-01 14:00:00,5117.0
2013-05-01 15:00:00,5256.0
2013-05-01 16:00:00,5295.0
2013-05-01 17:00:00,5301.0
2013-05-01 18:00:00,5301.0
2013-05-01 19:00:00,5301.0
2013-05-01 20:00:00,5301.0
2013-05-01 21:00:00,5301.0
2013-05-01 22:00:00,5301.0
2013-05-01 23:00:00,5301.0
2013-05-02 00:00:00,5301.0
2013-05-02 01:00:00,0.0
2013-05-02 02:00:00,0.0
2013-05-02 03:00:00,15.0
2013-05-02 04:00:00,98.0
2013-05-02 05:00:00,281.0
2013-05-02 06:00:00,675.0
2013-05-02 07:00:00,1068.0
2013-05-02 08:00:00,1662.0
2013-05-02 09:00:00,2429.0
2013-05-02 10:00:00,3239.0
2013-05-02 11:00:00,4030.0
2013-05-02 12:00:00,4755.0
2013-05-02 13:00:00,5365.0
2013-05-02 14:00:00,5819.0
2013-05-02 15:00:00,6124.0
2013-05-02 16:00:00,6271.0
2013-05-02 17:00:00,6300.0
2013-05-02 18:00:00,6300.0
2013-05-02 19:00:00,6300.0
2013-05-02 20:00:00,6300.0
2013-05-02 21:00:00,6300.0
2013-05-02 22:00:00,6300.0
2013-05-02 23:00:00,6300.0
2013-05-03 00:00:00,6300.0
2013-05-03 01:00:00,0.0
2013-05-03 02:00:00,0.0
2013-05-03 03:00:00,26.0
2013-05-03 04:00:00,165.0
2013-05-03 05:00:00,459.0
2013-05-03 06:00:00,911.0
2013-05-03 07:00:00,1508.0
2013-05-03 08:00:00,2219.0
2013-05-03 09:00:00,3002.0
2013-05-03 10:00:00,3819.0
2013-05-03 11:00:00,4588.0
2013-05-03 12:00:00,5317.0
2013-05-03 13:00:00,5923.0
2013-05-03 14:00:00,6372.0
2013-05-03 15:00:00,6669.0
2013-05-03 16:00:00,6813.0
2013-05-03 17:00:00,6843.0
2013-05-03 18:00:00,6843.0
2013-05-03 19:00:00,6843.0
2013-05-03 20:00:00,6843.0
2013-05-03 21:00:00,6843.0
2013-05-03 22:00:00,6843.0
2013-05-03 23:00:00,6843.0
2013-05-04 00:00:00,6843.0
2013-05-04 01:00:00,0.0
2013-05-04 02:00:00,0.0
2013-05-04 03:00:00,24.0
2013-05-04 04:00:00,150.0
2013-05-04 05:00:00,409.0
2013-05-04 06:00:00,819.0
2013-05-04 07:00:00,1349.0
2013-05-04 08:00:00,1898.0
2013-05-04 09:00:00,2496.0
2013-05-04 10:00:00,3141.0
2013-05-04 11:00:00,3756.0
2013-05-04 12:00:00,4308.0
2013-05-04 13:00:00,4823.0
2013-05-04 14:00:00,5248.0
2013-05-04 15:00:00,5493.0
2013-05-04 16:00:00,5620.0
2013-05-04 17:00:00,5646.0
2013-05-04 18:00:00,5646.0
2013-05-04 19:00:00,5646.0
2013-05-04 20:00:00,5646.0
2013-05-04 21:00:00,5646.0
2013-05-04 22:00:00,5646.0
2013-05-04 23:00:00,5646.0
2013-05-05 00:00:00,5646.0
2013-05-05 01:00:00,0.0
2013-05-05 02:00:00,0.0
2013-05-05 03:00:00,27.0
2013-05-05 04:00:00,149.0
2013-05-05 05:00:00,426.0
2013-05-05 06:00:00,839.0
2013-05-05 07:00:00,1320.0
2013-05-05 08:00:00,1930.0
2013-05-05 09:00:00,2612.0
2013-05-05 10:00:00,3296.0
2013-05-05 11:00:00,3959.0
2013-05-05 12:00:00,4493.0
2013-05-05 13:00:00,4995.0
2013-05-05 14:00:00,5348.0
2013-05-05 15:00:00,5557.0
2013-05-05 16:00:00,5646.0
2013-05-05 17:00:00,5662.0
2013-05-05 18:00:00,5662.0
2013-05-05 19:00:00,5662.0
2013-05-05 20:00:00,5662.0
2013-05-05 21:00:00,5662.0
2013-05-05 22:00:00,5662.0
2013-05-05 23:00:00,5662.0
2013-05-06 00:00:00,5662.0
2013-05-06 01:00:00,0.0
2013-05-06 02:00:00,0.0
2013-05-06 03:00:00,31.0
2013-05-06 04:00:00,180.0
2013-05-06 05:00:00,485.0
2013-05-06 06:00:00,952.0
2013-05-06 07:00:00,1555.0
2013-05-06 08:00:00,2273.0
2013-05-06 09:00:00,3056.0
2013-05-06 10:00:00,3761.0
2013-05-06 11:00:00,4495.0
2013-05-06 12:00:00,5179.0
2013-05-06 13:00:00,5787.0
2013-05-06 14:00:00,6265.0
2013-05-06 15:00:00,6581.0
2013-05-06 16:00:00,6738.0
2013-05-06 17:00:00,6774.0
2013-05-06 18:00:00,6774.0
2013-05-06 19:00:00,6774.0
2013-05-06 20:00:00,6774.0
2013-05-06 21:00:00,6774.0
2013-05-06 22:00:00,6774.0
2013-05-06 23:00:00,6774.0
2013-05-07 00:00:00,6774.0
2013-05-07 01:00:00,0.0
2013-05-07 02:00:00,0.0
2013-05-07 03:00:00,34.0
2013-05-07 04:00:00,189.0
2013-05-07 05:00:00,500.0
2013-05-07 06:00:00,972.0
2013-05-07 07:00:00,1589.0
2013-05-07 08:00:00,2319.0
2013-05-07 09:00:00,3121.0
2013-05-07 10:00:00,3946.0
2013-05-07 11:00:00,4749.0
2013-05-07 12:00:00,5481.0
2013-05-07 13:00:00,6099.0
2013-05-07 14:00:00,6574.0
2013-05-07 15:00:00,6889.0
2013-05-07 16:00:00,7048.0
2013-05-07 17:00:00,7086.0
2013-05-07 18:00:00,7086.0
2013-05-07 19:00:00,7086.0
2013-05-07 20:00:00,7086.0
2013-05-07 21:00:00,7086.0
2013-05-07 22:00:00,7086.0
2013-05-07 23:00:00,7086.0
2013-05-08 00:00:00,7086.0
2013-05-08 01:00:00,0.0
2013-05-08 02:00:00,0.0
2013-05-08 03:00:00,36.0
2013-05-08 04:00:00,189.0
2013-05-08 05:00:00,493.0
2013-05-08 06:00:00,941.0
2013-05-08 07:00:00,1552.0
2013-05-08 08:00:00,2275.0
2013-05-08 09:00:00,3068.0
2013-05-08 10:00:00,3886.0
2013-05-08 11:00:00,4681.0
2013-05-08 12:00:00,5406.0
2013-05-08 13:00:00,6021.0
2013-05-08 14:00:00,6495.0
2013-05-08 15:00:00,6809.0
2013-05-08 16:00:00,6969.0
2013-05-08 17:00:00,7009.0
2013-05-08 18:00:00,7009.0
2013-05-08 19:00:00,7009.0
2013-05-08 20:00:00,7009.0
2013-05-08 21:00:00,7009.0
2013-05-08 22:00:00,7009.0
2013-05-08 23:00:00,7009.0
2013-05-09 00:00:00,7009.0
2013-05-09 01:00:00,0.0
2013-05-09 02:00:00,0.0
2013-05-09 03:00:00,39.0
2013-05-09 04:00:00,198.0
2013-05-09 05:00:00,512.0
2013-05-09 06:00:00,987.0
2013-05-09 07:00:00,1604.0
2013-05-09 08:00:00,2333.0
2013-05-09 09:00:00,3133.0
2013-05-09 10:00:00,3947.0
2013-05-09 11:00:00,4746.0
2013-05-09 12:00:00,5474.0
2013-05-09 13:00:00,6086.0
2013-05-09 14:00:00,6560.0
2013-05-09 15:00:00,6876.0
2013-05-09 16:00:00,7038.0
2013-05-09 17:00:00,7079.0
2013-05-09 18:00:00,7079.0
2013-05-09 19:00:00,7079.0
2013-05-09 20:00:00,7079.0
2013-05-09 21:00:00,7079.0
2013-05-09 22:00:00,7079.0
2013-05-09 23:00:00,7079.0
2013-05-10 00:00:00,7079.0
2013-05-10 01:00:00,0.0
2013-05-10 02:00:00,0.0
2013-05-10 03:00:00,40.0
2013-05-10 04:00:00,201.0
2013-05-10 05:00:00,516.0
2013-05-10 06:00:00,989.0
2013-05-10 07:00:00,1604.0
2013-05-10 08:00:00,2330.0
2013-05-10 09:00:00,3127.0
2013-05-10 10:00:00,3948.0
2013-05-10 11:00:00,4743.0
2013-05-10 12:00:00,5467.0
2013-05-10 13:00:00,6075.0
2013-05-10 14:00:00,6526.0
2013-05-10 15:00:00,6807.0
2013-05-10 16:00:00,6943.0
2013-05-10 17:00:00,6978.0
2013-05-10 18:00:00,6978.0
2013-05-10 19:00:00,6978.0
2013-05-10 20:00:00,6978.0
2013-05-10 21:00:00,6978.0
2013-05-10 22:00:00,6978.0
2013-05-10 23:00:00,6978.0
2013-05-11 00:00:00,6978.0
2013-05-11 01:00:00,0.0
2013-05-11 02:00:00,0.0
2013-05-11 03:00:00,42.0
2013-05-11 04:00:00,206.0
2013-05-11 05:00:00,525.0
2013-05-11 06:00:00,1002.0
2013-05-11 07:00:00,1619.0
2013-05-11 08:00:00,2347.0
2013-05-11 09:00:00,3145.0
2013-05-11 10:00:00,3906.0
2013-05-11 11:00:00,4679.0
2013-05-11 12:00:00,5344.0
2013-05-11 13:00:00,5910.0
2013-05-11 14:00:00,6342.0
2013-05-11 15:00:00,6645.0
2013-05-11 16:00:00,6808.0
2013-05-11 17:00:00,6853.0
2013-05-11 18:00:00,6853.0
2013-05-11 19:00:00,6853.0
2013-05-11 20:00:00,6853.0
2013-05-11 21:00:00,6853.0
2013-05-11 22:00:00,6853.0
2013-05-11 23:00:00,6853.0
2013-05-12 00:00:00,6853.0
2013-05-12 01:00:00,0.0
2013-05-12 02:00:00,0.0
2013-05-12 03:00:00,42.0
2013-05-12 04:00:00,194.0
2013-05-12 05:00:00,501.0
2013-05-12 06:00:00,953.0
2013-05-12 07:00:00,1537.0
2013-05-12 08:00:00,2238.0
2013-05-12 09:00:00,3044.0
2013-05-12 10:00:00,3878.0
2013-05-12 11:00:00,4695.0
2013-05-12 12:00:00,5444.0
2013-05-12 13:00:00,6060.0
2013-05-12 14:00:00,6545.0
2013-05-12 15:00:00,6874.0
2013-05-12 16:00:00,7047.0
2013-05-12 17:00:00,7096.0
2013-05-12 18:00:00,7096.0
2013-05-12 19:00:00,7096.0
2013-05-12 20:00:00,7096.0
2013-05-12 21:00:00,7096.0
2013-05-12 22:00:00,7096.0
2013-05-12 23:00:00,7096.0
2013-05-13 00:00:00,7096.0
2013-05-13 01:00:00,0.0
2013-05-13 02:00:00,0.0
2013-05-13 03:00:00,45.0
2013-05-13 04:00:00,208.0
2013-05-13 05:00:00,520.0
2013-05-13 06:00:00,985.0
2013-05-13 07:00:00,1595.0
2013-05-13 08:00:00,2306.0
2013-05-13 09:00:00,3064.0
2013-05-13 10:00:00,3888.0
2013-05-13 11:00:00,4693.0
2013-05-13 12:00:00,5426.0
2013-05-13 13:00:00,6055.0
2013-05-13 14:00:00,6507.0
2013-05-13 15:00:00,6763.0
2013-05-13 16:00:00,6883.0
2013-05-13 17:00:00,6919.0
2013-05-13 18:00:00,6920.0
2013-05-13 19:00:00,6920.0
2013-05-13 20:00:00,6920.0
2013-05-13 21:00:00,6920.0
2013-05-13 22:00:00,6920.0
2013-05-13 23:00:00,6920.0
2013-05-14 00:00:00,6920.0
2013-05-14 01:00:00,0.0
2013-05-14 02:00:00,0.0
2013-05-14 03:00:00,42.0
2013-05-14 04:00:00,197.0
2013-05-14 05:00:00,485.0
2013-05-14 06:00:00,940.0
2013-05-14 07:00:00,1551.0
2013-05-14 08:00:00,2260.0
2013-05-14 09:00:00,3013.0
2013-05-14 10:00:00,3762.0
2013-05-14 11:00:00,4467.0
2013-05-14 12:00:00,4971.0
2013-05-14 13:00:00,5291.0
2013-05-14 14:00:00,5538.0
2013-05-14 15:00:00,5774.0
2013-05-14 16:00:00,5906.0
2013-05-14 17:00:00,5949.0
2013-05-14 18:00:00,5950.0
2013-05-14 19:00:00,5950.0
2013-05-14 20:00:00,5950.0
2013-05-14 21:00:00,5950.0
2013-05-14 22:00:00,5950.0
2013-05-14 23:00:00,5950.0
2013-05-15 00:00:00,5950.0
2013-05-15 01:00:00,0.0
2013-05-15 02:00:00,1.0
2013-05-15 03:00:00,48.0
2013-05-15 04:00:00,210.0
2013-05-15 05:00:00,512.0
2013-05-15 06:00:00,962.0
2013-05-15 07:00:00,1549.0
2013-05-15 08:00:00,2220.0
2013-05-15 09:00:00,2953.0
2013-05-15 10:00:00,3693.0
2013-05-15 11:00:00,4418.0
2013-05-15 12:00:00,5057.0
2013-05-15 13:00:00,5537.0
2013-05-15 14:00:00,5890.0
2013-05-15 15:00:00,6113.0
2013-05-15 16:00:00,6214.0
2013-05-15 17:00:00,6251.0
2013-05-15 18:00:00,6252.0
2013-05-15 19:00:00,6252.0
2013-05-15 20:00:00,6252.0
2013-05-15 21:00:00,6252.0
2013-05-15 22:00:00,6252.0
2013-05-15 23:00:00,6252.0
2013-05-16 00:00:00,6252.0
2013-05-16 01:00:00,0.0
2013-05-16 02:00:00,1.0
2013-05-16 03:00:00,48.0
2013-05-16 04:00:00,214.0
2013-05-16 05:00:00,533.0
2013-05-16 06:00:00,1007.0
2013-05-16 07:00:00,1613.0
2013-05-16 08:00:00,2332.0
2013-05-16 09:00:00,3120.0
2013-05-16 10:00:00,3917.0
2013-05-16 11:00:00,4709.0
2013-05-16 12:00:00,5395.0
2013-05-16 13:00:00,5874.0
2013-05-16 14:00:00,6199.0
2013-05-16 15:00:00,6384.0
2013-05-16 16:00:00,6501.0
2013-05-16 17:00:00,6549.0
2013-05-16 18:00:00,6550.0
2013-05-16 19:00:00,6550.0
2013-05-16 20:00:00,6550.0
2013-05-16 21:00:00,6550.0
2013-05-16 22:00:00,6550.0
2013-05-16 23:00:00,6550.0
2013-05-17 00:00:00,6550.0
2013-05-17 01:00:00,0.0
2013-05-17 02:00:00,1.0
2013-05-17 03:00:00,54.0
2013-05-17 04:00:00,231.0
2013-05-17 05:00:00,562.0
2013-05-17 06:00:00,1050.0
2013-05-17 07:00:00,1680.0
2013-05-17 08:00:00,2409.0
2013-05-17 09:00:00,3216.0
2013-05-17 10:00:00,4045.0
2013-05-17 11:00:00,4835.0
2013-05-17 12:00:00,5550.0
2013-05-17 13:00:00,6054.0
2013-05-17 14:00:00,6520.0
2013-05-17 15:00:00,6778.0
2013-05-17 16:00:00,6914.0
2013-05-17 17:00:00,6952.0
2013-05-17 18:00:00,6953.0
2013-05-17 19:00:00,6953.0
2013-05-17 20:00:00,6953.0
2013-05-17 21:00:00,6953.0
2013-05-17 22:00:00,6953.0
2013-05-17 23:00:00,6953.0
2013-05-18 00:00:00,6953.0
2013-05-18 01:00:00,0.0
2013-05-18 02:00:00,1.0
2013-05-18 03:00:00,55.0
2013-05-18 04:00:00,232.0
2013-05-18 05:00:00,557.0
2013-05-18 06:00:00,1041.0
2013-05-18 07:00:00,1655.0
2013-05-18 08:00:00,2381.0
2013-05-18 09:00:00,3177.0
2013-05-18 10:00:00,3975.0
2013-05-18 11:00:00,4754.0
2013-05-18 12:00:00,5474.0
2013-05-18 13:00:00,6058.0
2013-05-18 14:00:00,6478.0
2013-05-18 15:00:00,6709.0
2013-05-18 16:00:00,6830.0
2013-05-18 17:00:00,6864.0
2013-05-18 18:00:00,6865.0
2013-05-18 19:00:00,6865.0
2013-05-18 20:00:00,6865.0
2013-05-18 21:00:00,6865.0
2013-05-18 22:00:00,6865.0
2013-05-18 23:00:00,6865.0
2013-05-19 00:00:00,6865.0
2013-05-19 01:00:00,0.0
2013-05-19 02:00:00,2.0
2013-05-19 03:00:00,57.0
2013-05-19 04:00:00,233.0
2013-05-19 05:00:00,556.0
2013-05-19 06:00:00,1035.0
2013-05-19 07:00:00,1650.0
2013-05-19 08:00:00,2315.0
2013-05-19 09:00:00,3065.0
2013-05-19 10:00:00,3797.0
2013-05-19 11:00:00,4519.0
2013-05-19 12:00:00,5061.0
2013-05-19 13:00:00,5566.0
2013-05-19 14:00:00,5975.0
2013-05-19 15:00:00,6239.0
2013-05-19 16:00:00,6372.0
2013-05-19 17:00:00,6421.0
2013-05-19 18:00:00,6423.0
2013-05-19 19:00:00,6423.0
2013-05-19 20:00:00,6423.0
2013-05-19 21:00:00,6423.0
2013-05-19 22:00:00,6423.0
2013-05-19 23:00:00,6423.0
2013-05-20 00:00:00,6423.0
2013-05-20 01:00:00,0.0
2013-05-20 02:00:00,2.0
2013-05-20 03:00:00,59.0
2013-05-20 04:00:00,232.0
2013-05-20 05:00:00,556.0
2013-05-20 06:00:00,1008.0
2013-05-20 07:00:00,1551.0
2013-05-20 08:00:00,2173.0
2013-05-20 09:00:00,2872.0
2013-05-20 10:00:00,3586.0
2013-05-20 11:00:00,4166.0
2013-05-20 12:00:00,4770.0
2013-05-20 13:00:00,5264.0
2013-05-20 14:00:00,5665.0
2013-05-20 15:00:00,5900.0
2013-05-20 16:00:00,6007.0
2013-05-20 17:00:00,6042.0
2013-05-20 18:00:00,6043.0
2013-05-20 19:00:00,6043.0
2013-05-20 20:00:00,6043.0
2013-05-20 21:00:00,6043.0
2013-05-20 22:00:00,6043.0
2013-05-20 23:00:00,6043.0
2013-05-21 00:00:00,6043.0
2013-05-21 01:00:00,0.0
2013-05-21 02:00:00,2.0
2013-05-21 03:00:00,55.0
2013-05-21 04:00:00,229.0
2013-05-21 05:00:00,514.0
2013-05-21 06:00:00,951.0
2013-05-21 07:00:00,1444.0
2013-05-21 08:00:00,2022.0
2013-05-21 09:00:00,2655.0
2013-05-21 10:00:00,3310.0
2013-05-21 11:00:00,4038.0
2013-05-21 12:00:00,4647.0
2013-05-21 13:00:00,5128.0
2013-05-21 14:00:00,5495.0
2013-05-21 15:00:00,5773.0
2013-05-21 16:00:00,5894.0
2013-05-21 17:00:00,5934.0
2013-05-21 18:00:00,5936.0
2013-05-21 19:00:00,5936.0
2013-05-21 20:00:00,5936.0
2013-05-21 21:00:00,5936.0
2013-05-21 22:00:00,5936.0
2013-05-21 23:00:00,5936.0
2013-05-22 00:00:00,5936.0
2013-05-22 01:00:00,0.0
2013-05-22 02:00:00,2.0
2013-05-22 03:00:00,56.0
2013-05-22 04:00:00,227.0
2013-05-22 05:00:00,522.0
2013-05-22 06:00:00,1006.0
2013-05-22 07:00:00,1621.0
2013-05-22 08:00:00,2339.0
2013-05-22 09:00:00,3083.0
2013-05-22 10:00:00,3751.0
2013-05-22 11:00:00,4356.0
2013-05-22 12:00:00,4842.0
2013-05-22 13:00:00,5199.0
2013-05-22 14:00:00,5500.0
2013-05-22 15:00:00,5732.0
2013-05-22 16:00:00,5858.0
2013-05-22 17:00:00,5902.0
2013-05-22 18:00:00,5905.0
2013-05-22 19:00:00,5905.0
2013-05-22 20:00:00,5905.0
2013-05-22 21:00:00,5905.0
2013-05-22 22:00:00,5905.0
2013-05-22 23:00:00,5905.0
2013-05-23 00:00:00,5905.0
2013-05-23 01:00:00,0.0
2013-05-23 02:00:00,3.0
2013-05-23 03:00:00,56.0
2013-05-23 04:00:00,194.0
2013-05-23 05:00:00,478.0
2013-05-23 06:00:00,949.0
2013-05-23 07:00:00,1542.0
2013-05-23 08:00:00,2248.0
2013-05-23 09:00:00,3013.0
2013-05-23 10:00:00,3690.0
2013-05-23 11:00:00,4272.0
2013-05-23 12:00:00,4791.0
2013-05-23 13:00:00,5180.0
2013-05-23 14:00:00,5426.0
2013-05-23 15:00:00,5601.0
2013-05-23 16:00:00,5715.0
2013-05-23 17:00:00,5773.0
2013-05-23 18:00:00,5776.0
2013-05-23 19:00:00,5776.0
2013-05-23 20:00:00,5776.0
2013-05-23 21:00:00,5776.0
2013-05-23 22:00:00,5776.0
2013-05-23 23:00:00,5776.0
2013-05-24 00:00:00,5776.0
2013-05-24 01:00:00,0.0
2013-05-24 02:00:00,3.0
2013-05-24 03:00:00,61.0
2013-05-24 04:00:00,225.0
2013-05-24 05:00:00,493.0
2013-05-24 06:00:00,903.0
2013-05-24 07:00:00,1193.0
2013-05-24 08:00:00,1554.0
2013-05-24 09:00:00,2132.0
2013-05-24 10:00:00,2723.0
2013-05-24 11:00:00,3459.0
2013-05-24 12:00:00,4105.0
2013-05-24 13:00:00,4595.0
2013-05-24 14:00:00,4842.0
2013-05-24 15:00:00,5025.0
2013-05-24 16:00:00,5183.0
2013-05-24 17:00:00,5244.0
2013-05-24 18:00:00,5247.0
2013-05-24 19:00:00,5247.0
2013-05-24 20:00:00,5247.0
2013-05-24 21:00:00,5247.0
2013-05-24 22:00:00,5247.0
2013-05-24 23:00:00,5247.0
2013-05-25 00:00:00,5247.0
2013-05-25 01:00:00,0.0
2013-05-25 02:00:00,4.0
2013-05-25 03:00:00,61.0
2013-05-25 04:00:00,195.0
2013-05-25 05:00:00,427.0
2013-05-25 06:00:00,757.0
2013-05-25 07:00:00,1076.0
2013-05-25 08:00:00,1352.0
2013-05-25 09:00:00,1665.0
2013-05-25 10:00:00,2000.0
2013-05-25 11:00:00,2450.0
2013-05-25 12:00:00,2972.0
2013-05-25 13:00:00,3429.0
2013-05-25 14:00:00,3711.0
2013-05-25 15:00:00,3896.0
2013-05-25 16:00:00,3953.0
2013-05-25 17:00:00,3974.0
2013-05-25 18:00:00,3976.0
2013-05-25 19:00:00,3976.0
2013-05-25 20:00:00,3976.0
2013-05-25 21:00:00,3976.0
2013-05-25 22:00:00,3976.0
2013-05-25 23:00:00,3976.0
2013-05-26 00:00:00,3976.0
2013-05-26 01:00:00,0.0
2013-05-26 02:00:00,3.0
2013-05-26 03:00:00,60.0
2013-05-26 04:00:00,218.0
2013-05-26 05:00:00,541.0
2013-05-26 06:00:00,993.0
2013-05-26 07:00:00,1570.0
2013-05-26 08:00:00,2206.0
2013-05-26 09:00:00,2828.0
2013-05-26 10:00:00,3421.0
2013-05-26 11:00:00,3886.0
2013-05-26 12:00:00,4313.0
2013-05-26 13:00:00,4694.0
2013-05-26 14:00:00,4981.0
2013-05-26 15:00:00,5225.0
2013-05-26 16:00:00,5408.0
2013-05-26 17:00:00,5480.0
2013-05-26 18:00:00,5485.0
2013-05-26 19:00:00,5485.0
2013-05-26 20:00:00,5485.0
2013-05-26 21:00:00,5485.0
2013-05-26 22:00:00,5485.0
2013-05-26 23:00:00,5485.0
2013-05-27 00:00:00,5485.0
2013-05-27 01:00:00,0.0
2013-05-27 02:00:00,4.0
2013-05-27 03:00:00,72.0
2013-05-27 04:00:00,264.0
2013-05-27 05:00:00,597.0
2013-05-27 06:00:00,1084.0
2013-05-27 07:00:00,1715.0
2013-05-27 08:00:00,2436.0
2013-05-27 09:00:00,3244.0
2013-05-27 10:00:00,4020.0
2013-05-27 11:00:00,4697.0
2013-05-27 12:00:00,5310.0
2013-05-27 13:00:00,5798.0
2013-05-27 14:00:00,6165.0
2013-05-27 15:00:00,6367.0
2013-05-27 16:00:00,6487.0
2013-05-27 17:00:00,6541.0
2013-05-27 18:00:00,6545.0
2013-05-27 19:00:00,6545.0
2013-05-27 20:00:00,6545.0
2013-05-27 21:00:00,6545.0
2013-05-27 22:00:00,6545.0
2013-05-27 23:00:00,6545.0
2013-05-28 00:00:00,6545.0
2013-05-28 01:00:00,0.0
2013-05-28 02:00:00,4.0
2013-05-28 03:00:00,55.0
2013-05-28 04:00:00,195.0
2013-05-28 05:00:00,455.0
2013-05-28 06:00:00,839.0
2013-05-28 07:00:00,1381.0
2013-05-28 08:00:00,2040.0
2013-05-28 09:00:00,2727.0
2013-05-28 10:00:00,3379.0
2013-05-28 11:00:00,3894.0
2013-05-28 12:00:00,4264.0
2013-05-28 13:00:00,4640.0
2013-05-28 14:00:00,4917.0
2013-05-28 15:00:00,5146.0
2013-05-28 16:00:00,5288.0
2013-05-28 17:00:00,5346.0
2013-05-28 18:00:00,5351.0
2013-05-28 19:00:00,5351.0
2013-05-28 20:00:00,5351.0
2013-05-28 21:00:00,5351.0
2013-05-28 22:00:00,5351.0
2013-05-28 23:00:00,5351.0
2013-05-29 00:00:00,5351.0
2013-05-29 01:00:00,0.0
2013-05-29 02:00:00,5.0
2013-05-29 03:00:00,78.0
2013-05-29 04:00:00,280.0
2013-05-29 05:00:00,637.0
2013-05-29 06:00:00,1141.0
2013-05-29 07:00:00,1724.0
2013-05-29 08:00:00,2283.0
2013-05-29 09:00:00,2938.0
2013-05-29 10:00:00,3457.0
2013-05-29 11:00:00,4063.0
2013-05-29 12:00:00,4537.0
2013-05-29 13:00:00,4915.0
2013-05-29 14:00:00,5222.0
2013-05-29 15:00:00,5480.0
2013-05-29 16:00:00,5640.0
2013-05-29 17:00:00,5708.0
2013-05-29 18:00:00,5714.0
2013-05-29 19:00:00,5714.0
2013-05-29 20:00:00,5714.0
2013-05-29 21:00:00,5714.0
2013-05-29 22:00:00,5714.0
2013-05-29 23:00:00,5714.0
2013-05-30 00:00:00,5714.0
2013-05-30 01:00:00,0.0
2013-05-30 02:00:00,5.0
2013-05-30 03:00:00,64.0
2013-05-30 04:00:00,220.0
2013-05-30 05:00:00,496.0
2013-05-30 06:00:00,916.0
2013-05-30 07:00:00,1542.0
2013-05-30 08:00:00,2270.0
2013-05-30 09:00:00,3082.0
2013-05-30 10:00:00,3738.0
2013-05-30 11:00:00,4411.0
2013-05-30 12:00:00,5022.0
2013-05-30 13:00:00,5542.0
2013-05-30 14:00:00,6002.0
2013-05-30 15:00:00,6295.0
2013-05-30 16:00:00,6468.0
2013-05-30 17:00:00,6541.0
2013-05-30 18:00:00,6548.0
2013-05-30 19:00:00,6548.0
2013-05-30 20:00:00,6548.0
2013-05-30 21:00:00,6548.0
2013-05-30 22:00:00,6548.0
2013-05-30 23:00:00,6548.0
2013-05-31 00:00:00,6548.0
2013-05-31 01:00:00,0.0
2013-05-31 02:00:00,6.0
2013-05-31 03:00:00,80.0
2013-05-31 04:00:00,282.0
2013-05-31 05:00:00,638.0
2013-05-31 06:00:00,1143.0
2013-05-31 07:00:00,1787.0
2013-05-31 08:00:00,2510.0
2013-05-31 09:00:00,3237.0
2013-05-31 10:00:00,3987.0
2013-05-31 11:00:00,4755.0
2013-05-31 12:00:00,5369.0
2013-05-31 13:00:00,5918.0
2013-05-31 14:00:00,6369.0
2013-05-31 15:00:00,6671.0
2013-05-31 16:00:00,6876.0
2013-05-31 17:00:00,6955.0
2013-05-31 18:00:00,6962.0
2013-05-31 19:00:00,6962.0
2013-05-31 20:00:00,6962.0
2013-05-31 21:00:00,6962.0
2013-05-31 22:00:00,6962.0
2013-05-31 23:00:00,6962.0
2013-06-01 00:00:00,6962.0
2013-06-01 01:00:00,0.0
2013-06-01 02:00:00,6.0
2013-06-01 03:00:00,83.0
2013-06-01 04:00:00,289.0
2013-06-01 05:00:00,652.0
2013-06-01 06:00:00,1170.0
2013-06-01 07:00:00,1807.0
2013-06-01 08:00:00,2438.0
2013-06-01 09:00:00,3177.0
2013-06-01 10:00:00,3847.0
2013-06-01 11:00:00,4444.0
2013-06-01 12:00:00,5033.0
2013-06-01 13:00:00,5552.0
2013-06-01 14:00:00,6021.0
2013-06-01 15:00:00,6349.0
2013-06-01 16:00:00,6511.0
2013-06-01 17:00:00,6574.0
2013-06-01 18:00:00,6580.0
2013-06-01 19:00:00,6580.0
2013-06-01 20:00:00,6580.0
2013-06-01 21:00:00,6580.0
2013-06-01 22:00:00,6580.0
2013-06-01 23:00:00,6580.0
2013-06-02 00:00:00,6580.0
2013-06-02 01:00:00,0.0
2013-06-02 02:00:00,5.0
2013-06-02 03:00:00,54.0
2013-06-02 04:00:00,138.0
2013-06-02 05:00:00,252.0
2013-06-02 06:00:00,352.0
2013-06-02 07:00:00,510.0
2013-06-02 08:00:00,729.0
2013-06-02 09:00:00,968.0
2013-06-02 10:00:00,1188.0
2013-06-02 11:00:00,1420.0
2013-06-02 12:00:00,1559.0
2013-06-02 13:00:00,1645.0
2013-06-02 14:00:00,1701.0
2013-06-02 15:00:00,1763.0
2013-06-02 16:00:00,1812.0
2013-06-02 17:00:00,1837.0
2013-06-02 18:00:00,1840.0
2013-06-02 19:00:00,1840.0
2013-06-02 20:00:00,1840.0
2013-06-02 21:00:00,1840.0
2013-06-02 22:00:00,1840.0
2013-06-02 23:00:00,1840.0
2013-06-03 00:00:00,1840.0
2013-06-03 01:00:00,0.0
2013-06-03 02:00:00,3.0
2013-06-03 03:00:00,33.0
2013-06-03 04:00:00,108.0
2013-06-03 05:00:00,276.0
2013-06-03 06:00:00,517.0
2013-06-03 07:00:00,742.0
2013-06-03 08:00:00,1091.0
2013-06-03 09:00:00,1462.0
2013-06-03 10:00:00,2077.0
2013-06-03 11:00:00,2685.0
2013-06-03 12:00:00,3159.0
2013-06-03 13:00:00,3572.0
2013-06-03 14:00:00,3914.0
2013-06-03 15:00:00,4089.0
2013-06-03 16:00:00,4216.0
2013-06-03 17:00:00,4267.0
2013-06-03 18:00:00,4272.0
2013-06-03 19:00:00,4272.0
2013-06-03 20:00:00,4272.0
2013-06-03 21:00:00,4272.0
2013-06-03 22:00:00,4272.0
2013-06-03 23:00:00,4272.0
2013-06-04 00:00:00,4272.0
2013-06-04 01:00:00,0.0
2013-06-04 02:00:00,4.0
2013-06-04 03:00:00,46.0
2013-06-04 04:00:00,170.0
2013-06-04 05:00:00,362.0
2013-06-04 06:00:00,663.0
2013-06-04 07:00:00,951.0
2013-06-04 08:00:00,1283.0
2013-06-04 09:00:00,1618.0
2013-06-04 10:00:00,2172.0
2013-06-04 11:00:00,2725.0
2013-06-04 12:00:00,3288.0
2013-06-04 13:00:00,3772.0
2013-06-04 14:00:00,4178.0
2013-06-04 15:00:00,4483.0
2013-06-04 16:00:00,4691.0
2013-06-04 17:00:00,4775.0
2013-06-04 18:00:00,4783.0
2013-06-04 19:00:00,4783.0
2013-06-04 20:00:00,4783.0
2013-06-04 21:00:00,4783.0
2013-06-04 22:00:00,4783.0
2013-06-04 23:00:00,4783.0
2013-06-05 00:00:00,4783.0
2013-06-05 01:00:00,0.0
2013-06-05 02:00:00,6.0
2013-06-05 03:00:00,70.0
2013-06-05 04:00:00,250.0
2013-06-05 05:00:00,578.0
2013-06-05 06:00:00,1027.0
2013-06-05 07:00:00,1679.0
2013-06-05 08:00:00,2434.0
2013-06-05 09:00:00,3195.0
2013-06-05 10:00:00,3852.0
2013-06-05 11:00:00,4490.0
2013-06-05 12:00:00,5075.0
2013-06-05 13:00:00,5639.0
2013-06-05 14:00:00,6124.0
2013-06-05 15:00:00,6404.0
2013-06-05 16:00:00,6586.0
2013-06-05 17:00:00,6661.0
2013-06-05 18:00:00,6671.0
2013-06-05 19:00:00,6671.0
2013-06-05 20:00:00,6671.0
2013-06-05 21:00:00,6671.0
2013-06-05 22:00:00,6671.0
2013-06-05 23:00:00,6671.0
2013-06-06 00:00:00,6671.0
2013-06-06 01:00:00,0.0
2013-06-06 02:00:00,7.0
2013-06-06 03:00:00,84.0
2013-06-06 04:00:00,282.0
2013-06-06 05:00:00,636.0
2013-06-06 06:00:00,1142.0
2013-06-06 07:00:00,1692.0
2013-06-06 08:00:00,2350.0
2013-06-06 09:00:00,3099.0
2013-06-06 10:00:00,3826.0
2013-06-06 11:00:00,4460.0
2013-06-06 12:00:00,4973.0
2013-06-06 13:00:00,5464.0
2013-06-06 14:00:00,5812.0
2013-06-06 15:00:00,6078.0
2013-06-06 16:00:00,6232.0
2013-06-06 17:00:00,6314.0
2013-06-06 18:00:00,6325.0
2013-06-06 19:00:00,6325.0
2013-06-06 20:00:00,6325.0
2013-06-06 21:00:00,6325.0
2013-06-06 22:00:00,6325.0
2013-06-06 23:00:00,6325.0
2013-06-07 00:00:00,6325.0
2013-06-07 01:00:00,0.0
2013-06-07 02:00:00,6.0
2013-06-07 03:00:00,72.0
2013-06-07 04:00:00,273.0
2013-06-07 05:00:00,636.0
2013-06-07 06:00:00,1157.0
2013-06-07 07:00:00,1820.0
2013-06-07 08:00:00,2601.0
2013-06-07 09:00:00,3458.0
2013-06-07 10:00:00,4263.0
2013-06-07 11:00:00,5037.0
2013-06-07 12:00:00,5714.0
2013-06-07 13:00:00,6347.0
2013-06-07 14:00:00,6848.0
2013-06-07 15:00:00,7213.0
2013-06-07 16:00:00,7450.0
2013-06-07 17:00:00,7546.0
2013-06-07 18:00:00,7558.0
2013-06-07 19:00:00,7558.0
2013-06-07 20:00:00,7558.0
2013-06-07 21:00:00,7558.0
2013-06-07 22:00:00,7558.0
2013-06-07 23:00:00,7558.0
2013-06-08 00:00:00,7558.0
2013-06-08 01:00:00,0.0
2013-06-08 02:00:00,8.0
2013-06-08 03:00:00,90.0
2013-06-08 04:00:00,303.0
2013-06-08 05:00:00,670.0
2013-06-08 06:00:00,1192.0
2013-06-08 07:00:00,1850.0
2013-06-08 08:00:00,2616.0
2013-06-08 09:00:00,3451.0
2013-06-08 10:00:00,4288.0
2013-06-08 11:00:00,5075.0
2013-06-08 12:00:00,5620.0
2013-06-08 13:00:00,6097.0
2013-06-08 14:00:00,6558.0
2013-06-08 15:00:00,6871.0
2013-06-08 16:00:00,7067.0
2013-06-08 17:00:00,7151.0
2013-06-08 18:00:00,7162.0
2013-06-08 19:00:00,7162.0
2013-06-08 20:00:00,7162.0
2013-06-08 21:00:00,7162.0
2013-06-08 22:00:00,7162.0
2013-06-08 23:00:00,7162.0
2013-06-09 00:00:00,7162.0
2013-06-09 01:00:00,0.0
2013-06-09 02:00:00,8.0
2013-06-09 03:00:00,86.0
2013-06-09 04:00:00,278.0
2013-06-09 05:00:00,614.0
2013-06-09 06:00:00,1072.0
2013-06-09 07:00:00,1627.0
2013-06-09 08:00:00,2324.0
2013-06-09 09:00:00,3052.0
2013-06-09 10:00:00,3871.0
2013-06-09 11:00:00,4696.0
2013-06-09 12:00:00,5357.0
2013-06-09 13:00:00,5938.0
2013-06-09 14:00:00,6384.0
2013-06-09 15:00:00,6634.0
2013-06-09 16:00:00,6759.0
2013-06-09 17:00:00,6815.0
2013-06-09 18:00:00,6826.0
2013-06-09 19:00:00,6826.0
2013-06-09 20:00:00,6826.0
2013-06-09 21:00:00,6826.0
2013-06-09 22:00:00,6826.0
2013-06-09 23:00:00,6826.0
2013-06-10 00:00:00,6826.0
2013-06-10 01:00:00,0.0
2013-06-10 02:00:00,8.0
2013-06-10 03:00:00,80.0
2013-06-10 04:00:00,270.0
2013-06-10 05:00:00,616.0
2013-06-10 06:00:00,1110.0
2013-06-10 07:00:00,1641.0
2013-06-10 08:00:00,2331.0
2013-06-10 09:00:00,3053.0
2013-06-10 10:00:00,3874.0
2013-06-10 11:00:00,4653.0
2013-06-10 12:00:00,5326.0
2013-06-10 13:00:00,5889.0
2013-06-10 14:00:00,6391.0
2013-06-10 15:00:00,6726.0
2013-06-10 16:00:00,6920.0
2013-06-10 17:00:00,6992.0
2013-06-10 18:00:00,7003.0
2013-06-10 19:00:00,7003.0
2013-06-10 20:00:00,7003.0
2013-06-10 21:00:00,7003.0
2013-06-10 22:00:00,7003.0
2013-06-10 23:00:00,7003.0
2013-06-11 00:00:00,7003.0
2013-06-11 01:00:00,0.0
2013-06-11 02:00:00,8.0
2013-06-11 03:00:00,89.0
2013-06-11 04:00:00,298.0
2013-06-11 05:00:00,661.0
2013-06-11 06:00:00,1175.0
2013-06-11 07:00:00,1768.0
2013-06-11 08:00:00,2442.0
2013-06-11 09:00:00,3195.0
2013-06-11 10:00:00,3834.0
2013-06-11 11:00:00,4399.0
2013-06-11 12:00:00,4966.0
2013-06-11 13:00:00,5472.0
2013-06-11 14:00:00,5878.0
2013-06-11 15:00:00,6195.0
2013-06-11 16:00:00,6394.0
2013-06-11 17:00:00,6488.0
2013-06-11 18:00:00,6501.0
2013-06-11 19:00:00,6501.0
2013-06-11 20:00:00,6501.0
2013-06-11 21:00:00,6501.0
2013-06-11 22:00:00,6501.0
2013-06-11 23:00:00,6501.0
2013-06-12 00:00:00,6501.0
2013-06-12 01:00:00,0.0
2013-06-12 02:00:00,8.0
2013-06-12 03:00:00,79.0
2013-06-12 04:00:00,274.0
2013-06-12 05:00:00,568.0
2013-06-12 06:00:00,885.0
2013-06-12 07:00:00,1375.0
2013-06-12 08:00:00,1816.0
2013-06-12 09:00:00,2354.0
2013-06-12 10:00:00,3092.0
2013-06-12 11:00:00,3852.0
2013-06-12 12:00:00,4582.0
2013-06-12 13:00:00,5197.0
2013-06-12 14:00:00,5642.0
2013-06-12 15:00:00,5905.0
2013-06-12 16:00:00,6064.0
2013-06-12 17:00:00,6132.0
2013-06-12 18:00:00,6143.0
2013-06-12 19:00:00,6143.0
2013-06-12 20:00:00,6143.0
2013-06-12 21:00:00,6143.0
2013-06-12 22:00:00,6143.0
2013-06-12 23:00:00,6143.0
2013-06-13 00:00:00,6143.0
2013-06-13 01:00:00,0.0
2013-06-13 02:00:00,8.0
2013-06-13 03:00:00,87.0
2013-06-13 04:00:00,290.0
2013-06-13 05:00:00,636.0
2013-06-13 06:00:00,1109.0
2013-06-13 07:00:00,1717.0
2013-06-13 08:00:00,2445.0
2013-06-13 09:00:00,3217.0
2013-06-13 10:00:00,3976.0
2013-06-13 11:00:00,4760.0
2013-06-13 12:00:00,5439.0
2013-06-13 13:00:00,6030.0
2013-06-13 14:00:00,6471.0
2013-06-13 15:00:00,6743.0
2013-06-13 16:00:00,6909.0
2013-06-13 17:00:00,6985.0
2013-06-13 18:00:00,6997.0
2013-06-13 19:00:00,6997.0
2013-06-13 20:00:00,6997.0
2013-06-13 21:00:00,6997.0
2013-06-13 22:00:00,6997.0
2013-06-13 23:00:00,6997.0
2013-06-14 00:00:00,6997.0
2013-06-14 01:00:00,0.0
2013-06-14 02:00:00,8.0
2013-06-14 03:00:00,85.0
2013-06-14 04:00:00,280.0
2013-06-14 05:00:00,633.0
2013-06-14 06:00:00,1128.0
2013-06-14 07:00:00,1764.0
2013-06-14 08:00:00,2511.0
2013-06-14 09:00:00,3326.0
2013-06-14 10:00:00,4167.0
2013-06-14 11:00:00,4989.0
2013-06-14 12:00:00,5744.0
2013-06-14 13:00:00,6393.0
2013-06-14 14:00:00,6910.0
2013-06-14 15:00:00,7284.0
2013-06-14 16:00:00,7511.0
2013-06-14 17:00:00,7606.0
2013-06-14 18:00:00,7620.0
2013-06-14 19:00:00,7620.0
2013-06-14 20:00:00,7620.0
2013-06-14 21:00:00,7620.0
2013-06-14 22:00:00,7620.0
2013-06-14 23:00:00,7620.0
2013-06-15 00:00:00,7620.0
2013-06-15 01:00:00,0.0
2013-06-15 02:00:00,8.0
2013-06-15 03:00:00,85.0
2013-06-15 04:00:00,272.0
2013-06-15 05:00:00,590.0
2013-06-15 06:00:00,1048.0
2013-06-15 07:00:00,1588.0
2013-06-15 08:00:00,2259.0
2013-06-15 09:00:00,2978.0
2013-06-15 10:00:00,3789.0
2013-06-15 11:00:00,4598.0
2013-06-15 12:00:00,5351.0
2013-06-15 13:00:00,6015.0
2013-06-15 14:00:00,6526.0
2013-06-15 15:00:00,6726.0
2013-06-15 16:00:00,6864.0
2013-06-15 17:00:00,6934.0
2013-06-15 18:00:00,6947.0
2013-06-15 19:00:00,6947.0
2013-06-15 20:00:00,6947.0
2013-06-15 21:00:00,6947.0
2013-06-15 22:00:00,6947.0
2013-06-15 23:00:00,6947.0
2013-06-16 00:00:00,6947.0
2013-06-16 01:00:00,0.0
2013-06-16 02:00:00,4.0
2013-06-16 03:00:00,51.0
2013-06-16 04:00:00,149.0
2013-06-16 05:00:00,350.0
2013-06-16 06:00:00,632.0
2013-06-16 07:00:00,1194.0
2013-06-16 08:00:00,1853.0
2013-06-16 09:00:00,2592.0
2013-06-16 10:00:00,3364.0
2013-06-16 11:00:00,4054.0
2013-06-16 12:00:00,4669.0
2013-06-16 13:00:00,5147.0
2013-06-16 14:00:00,5522.0
2013-06-16 15:00:00,5780.0
2013-06-16 16:00:00,5932.0
2013-06-16 17:00:00,6006.0
2013-06-16 18:00:00,6015.0
2013-06-16 19:00:00,6015.0
2013-06-16 20:00:00,6015.0
2013-06-16 21:00:00,6015.0
2013-06-16 22:00:00,6015.0
2013-06-16 23:00:00,6015.0
2013-06-17 00:00:00,6015.0
2013-06-17 01:00:00,0.0
2013-06-17 02:00:00,4.0
2013-06-17 03:00:00,34.0
2013-06-17 04:00:00,128.0
2013-06-17 05:00:00,292.0
2013-06-17 06:00:00,464.0
2013-06-17 07:00:00,893.0
2013-06-17 08:00:00,1391.0
2013-06-17 09:00:00,1842.0
2013-06-17 10:00:00,2486.0
2013-06-17 11:00:00,3226.0
2013-06-17 12:00:00,3987.0
2013-06-17 13:00:00,4567.0
2013-06-17 14:00:00,4981.0
2013-06-17 15:00:00,5247.0
2013-06-17 16:00:00,5404.0
2013-06-17 17:00:00,5456.0
2013-06-17 18:00:00,5467.0
2013-06-17 19:00:00,5467.0
2013-06-17 20:00:00,5467.0
2013-06-17 21:00:00,5467.0
2013-06-17 22:00:00,5467.0
2013-06-17 23:00:00,5467.0
2013-06-18 00:00:00,5467.0
2013-06-18 01:00:00,0.0
2013-06-18 02:00:00,7.0
2013-06-18 03:00:00,76.0
2013-06-18 04:00:00,245.0
2013-06-18 05:00:00,560.0
2013-06-18 06:00:00,974.0
2013-06-18 07:00:00,1591.0
2013-06-18 08:00:00,2332.0
2013-06-18 09:00:00,3068.0
2013-06-18 10:00:00,3903.0
2013-06-18 11:00:00,4719.0
2013-06-18 12:00:00,5483.0
2013-06-18 13:00:00,6148.0
2013-06-18 14:00:00,6702.0
2013-06-18 15:00:00,7082.0
2013-06-18 16:00:00,7294.0
2013-06-18 17:00:00,7368.0
2013-06-18 18:00:00,7377.0
2013-06-18 19:00:00,7377.0
2013-06-18 20:00:00,7377.0
2013-06-18 21:00:00,7377.0
2013-06-18 22:00:00,7377.0
2013-06-18 23:00:00,7377.0
2013-06-19 00:00:00,7377.0
2013-06-19 01:00:00,0.0
2013-06-19 02:00:00,8.0
2013-06-19 03:00:00,75.0
2013-06-19 04:00:00,237.0
2013-06-19 05:00:00,513.0
2013-06-19 06:00:00,950.0
2013-06-19 07:00:00,1505.0
2013-06-19 08:00:00,2060.0
2013-06-19 09:00:00,2638.0
2013-06-19 10:00:00,3327.0
2013-06-19 11:00:00,3975.0
2013-06-19 12:00:00,4607.0
2013-06-19 13:00:00,5112.0
2013-06-19 14:00:00,5547.0
2013-06-19 15:00:00,5890.0
2013-06-19 16:00:00,6078.0
2013-06-19 17:00:00,6156.0
2013-06-19 18:00:00,6168.0
2013-06-19 19:00:00,6168.0
2013-06-19 20:00:00,6168.0
2013-06-19 21:00:00,6168.0
2013-06-19 22:00:00,6168.0
2013-06-19 23:00:00,6168.0
2013-06-20 00:00:00,6168.0
2013-06-20 01:00:00,0.0
2013-06-20 02:00:00,9.0
2013-06-20 03:00:00,85.0
2013-06-20 04:00:00,274.0
2013-06-20 05:00:00,626.0
2013-06-20 06:00:00,1143.0
2013-06-20 07:00:00,1780.0
2013-06-20 08:00:00,2446.0
2013-06-20 09:00:00,3119.0
2013-06-20 10:00:00,3813.0
2013-06-20 11:00:00,4587.0
2013-06-20 12:00:00,5270.0
2013-06-20 13:00:00,5811.0
2013-06-20 14:00:00,6206.0
2013-06-20 15:00:00,6461.0
2013-06-20 16:00:00,6638.0
2013-06-20 17:00:00,6721.0
2013-06-20 18:00:00,6737.0
2013-06-20 19:00:00,6737.0
2013-06-20 20:00:00,6737.0
2013-06-20 21:00:00,6737.0
2013-06-20 22:00:00,6737.0
2013-06-20 23:00:00,6737.0
2013-06-21 00:00:00,6737.0
2013-06-21 01:00:00,0.0
2013-06-21 02:00:00,8.0
2013-06-21 03:00:00,76.0
2013-06-21 04:00:00,231.0
2013-06-21 05:00:00,467.0
2013-06-21 06:00:00,793.0
2013-06-21 07:00:00,1271.0
2013-06-21 08:00:00,1936.0
2013-06-21 09:00:00,2624.0
2013-06-21 10:00:00,3392.0
2013-06-21 11:00:00,4223.0
2013-06-21 12:00:00,5021.0
2013-06-21 13:00:00,5682.0
2013-06-21 14:00:00,6227.0
2013-06-21 15:00:00,6589.0
2013-06-21 16:00:00,6805.0
2013-06-21 17:00:00,6901.0
2013-06-21 18:00:00,6917.0
2013-06-21 19:00:00,6917.0
2013-06-21 20:00:00,6917.0
2013-06-21 21:00:00,6917.0
2013-06-21 22:00:00,6917.0
2013-06-21 23:00:00,6917.0
2013-06-22 00:00:00,6917.0
2013-06-22 01:00:00,0.0
2013-06-22 02:00:00,9.0
2013-06-22 03:00:00,93.0
2013-06-22 04:00:00,307.0
2013-06-22 05:00:00,672.0
2013-06-22 06:00:00,1202.0
2013-06-22 07:00:00,1858.0
2013-06-22 08:00:00,2572.0
2013-06-22 09:00:00,3338.0
2013-06-22 10:00:00,4098.0
2013-06-22 11:00:00,4857.0
2013-06-22 12:00:00,5467.0
2013-06-22 13:00:00,6085.0
2013-06-22 14:00:00,6499.0
2013-06-22 15:00:00,6843.0
2013-06-22 16:00:00,7041.0
2013-06-22 17:00:00,7125.0
2013-06-22 18:00:00,7140.0
2013-06-22 19:00:00,7140.0
2013-06-22 20:00:00,7140.0
2013-06-22 21:00:00,7140.0
2013-06-22 22:00:00,7140.0
2013-06-22 23:00:00,7140.0
2013-06-23 00:00:00,7140.0
2013-06-23 01:00:00,0.0
2013-06-23 02:00:00,7.0
2013-06-23 03:00:00,84.0
2013-06-23 04:00:00,266.0
2013-06-23 05:00:00,568.0
2013-06-23 06:00:00,934.0
2013-06-23 07:00:00,1321.0
2013-06-23 08:00:00,1603.0
2013-06-23 09:00:00,1918.0
2013-06-23 10:00:00,2327.0
2013-06-23 11:00:00,2722.0
2013-06-23 12:00:00,3109.0
2013-06-23 13:00:00,3460.0
2013-06-23 14:00:00,3739.0
2013-06-23 15:00:00,3942.0
2013-06-23 16:00:00,4096.0
2013-06-23 17:00:00,4167.0
2013-06-23 18:00:00,4181.0
2013-06-23 19:00:00,4181.0
2013-06-23 20:00:00,4181.0
2013-06-23 21:00:00,4181.0
2013-06-23 22:00:00,4181.0
2013-06-23 23:00:00,4181.0
2013-06-24 00:00:00,4181.0
2013-06-24 01:00:00,0.0
2013-06-24 02:00:00,8.0
2013-06-24 03:00:00,87.0
2013-06-24 04:00:00,294.0
2013-06-24 05:00:00,650.0
2013-06-24 06:00:00,1159.0
2013-06-24 07:00:00,1697.0
2013-06-24 08:00:00,2291.0
2013-06-24 09:00:00,2922.0
2013-06-24 10:00:00,3542.0
2013-06-24 11:00:00,4133.0
2013-06-24 12:00:00,4751.0
2013-06-24 13:00:00,5247.0
2013-06-24 14:00:00,5594.0
2013-06-24 15:00:00,5838.0
2013-06-24 16:00:00,6045.0
2013-06-24 17:00:00,6140.0
2013-06-24 18:00:00,6155.0
2013-06-24 19:00:00,6155.0
2013-06-24 20:00:00,6155.0
2013-06-24 21:00:00,6155.0
2013-06-24 22:00:00,6155.0
2013-06-24 23:00:00,6155.0
2013-06-25 00:00:00,6155.0
2013-06-25 01:00:00,0.0
2013-06-25 02:00:00,8.0
2013-06-25 03:00:00,88.0
2013-06-25 04:00:00,294.0
2013-06-25 05:00:00,649.0
2013-06-25 06:00:00,1155.0
2013-06-25 07:00:00,1790.0
2013-06-25 08:00:00,2362.0
2013-06-25 09:00:00,2994.0
2013-06-25 10:00:00,3703.0
2013-06-25 11:00:00,4478.0
2013-06-25 12:00:00,5181.0
2013-06-25 13:00:00,5774.0
2013-06-25 14:00:00,6244.0
2013-06-25 15:00:00,6629.0
2013-06-25 16:00:00,6810.0
2013-06-25 17:00:00,6910.0
2013-06-25 18:00:00,6926.0
2013-06-25 19:00:00,6926.0
2013-06-25 20:00:00,6926.0
2013-06-25 21:00:00,6926.0
2013-06-25 22:00:00,6926.0
2013-06-25 23:00:00,6926.0
2013-06-26 00:00:00,6926.0
2013-06-26 01:00:00,0.0
2013-06-26 02:00:00,7.0
2013-06-26 03:00:00,81.0
2013-06-26 04:00:00,271.0
2013-06-26 05:00:00,614.0
2013-06-26 06:00:00,1113.0
2013-06-26 07:00:00,1689.0
2013-06-26 08:00:00,2374.0
2013-06-26 09:00:00,3181.0
2013-06-26 10:00:00,3995.0
2013-06-26 11:00:00,4780.0
2013-06-26 12:00:00,5425.0
2013-06-26 13:00:00,5966.0
2013-06-26 14:00:00,6418.0
2013-06-26 15:00:00,6750.0
2013-06-26 16:00:00,6921.0
2013-06-26 17:00:00,6987.0
2013-06-26 18:00:00,7001.0
2013-06-26 19:00:00,7001.0
2013-06-26 20:00:00,7001.0
2013-06-26 21:00:00,7001.0
2013-06-26 22:00:00,7001.0
2013-06-26 23:00:00,7001.0
2013-06-27 00:00:00,7001.0
2013-06-27 01:00:00,0.0
2013-06-27 02:00:00,6.0
2013-06-27 03:00:00,73.0
2013-06-27 04:00:00,260.0
2013-06-27 05:00:00,554.0
2013-06-27 06:00:00,1004.0
2013-06-27 07:00:00,1580.0
2013-06-27 08:00:00,2302.0
2013-06-27 09:00:00,3036.0
2013-06-27 10:00:00,3748.0
2013-06-27 11:00:00,4463.0
2013-06-27 12:00:00,5164.0
2013-06-27 13:00:00,5775.0
2013-06-27 14:00:00,6242.0
2013-06-27 15:00:00,6572.0
2013-06-27 16:00:00,6757.0
2013-06-27 17:00:00,6847.0
2013-06-27 18:00:00,6862.0
2013-06-27 19:00:00,6862.0
2013-06-27 20:00:00,6862.0
2013-06-27 21:00:00,6862.0
2013-06-27 22:00:00,6862.0
2013-06-27 23:00:00,6862.0
2013-06-28 00:00:00,6862.0
2013-06-28 01:00:00,0.0
2013-06-28 02:00:00,6.0
2013-06-28 03:00:00,79.0
2013-06-28 04:00:00,273.0
2013-06-28 05:00:00,623.0
2013-06-28 06:00:00,1114.0
2013-06-28 07:00:00,1715.0
2013-06-28 08:00:00,2443.0
2013-06-28 09:00:00,3244.0
2013-06-28 10:00:00,4065.0
2013-06-28 11:00:00,4623.0
2013-06-28 12:00:00,5185.0
2013-06-28 13:00:00,5712.0
2013-06-28 14:00:00,6134.0
2013-06-28 15:00:00,6419.0
2013-06-28 16:00:00,6587.0
2013-06-28 17:00:00,6660.0
2013-06-28 18:00:00,6672.0
2013-06-28 19:00:00,6672.0
2013-06-28 20:00:00,6672.0
2013-06-28 21:00:00,6672.0
2013-06-28 22:00:00,6672.0
2013-06-28 23:00:00,6672.0
2013-06-29 00:00:00,6672.0
2013-06-29 01:00:00,0.0
2013-06-29 02:00:00,6.0
2013-06-29 03:00:00,74.0
2013-06-29 04:00:00,250.0
2013-06-29 05:00:00,574.0
2013-06-29 06:00:00,1044.0
2013-06-29 07:00:00,1600.0
2013-06-29 08:00:00,2218.0
2013-06-29 09:00:00,2993.0
2013-06-29 10:00:00,3798.0
2013-06-29 11:00:00,4541.0
2013-06-29 12:00:00,5124.0
2013-06-29 13:00:00,5671.0
2013-06-29 14:00:00,6074.0
2013-06-29 15:00:00,6364.0
2013-06-29 16:00:00,6523.0
2013-06-29 17:00:00,6583.0
2013-06-29 18:00:00,6593.0
2013-06-29 19:00:00,6593.0
2013-06-29 20:00:00,6593.0
2013-06-29 21:00:00,6593.0
2013-06-29 22:00:00,6593.0
2013-06-29 23:00:00,6593.0
2013-06-30 00:00:00,6593.0
2013-06-30 01:00:00,0.0
2013-06-30 02:00:00,5.0
2013-06-30 03:00:00,47.0
2013-06-30 04:00:00,150.0
2013-06-30 05:00:00,342.0
2013-06-30 06:00:00,728.0
2013-06-30 07:00:00,1108.0
2013-06-30 08:00:00,1585.0
2013-06-30 09:00:00,2161.0
2013-06-30 10:00:00,2771.0
2013-06-30 11:00:00,3332.0
2013-06-30 12:00:00,3907.0
2013-06-30 13:00:00,4369.0
2013-06-30 14:00:00,4715.0
2013-06-30 15:00:00,4960.0
2013-06-30 16:00:00,5103.0
2013-06-30 17:00:00,5178.0
2013-06-30 18:00:00,5191.0
2013-06-30 19:00:00,5191.0
2013-06-30 20:00:00,5191.0
2013-06-30 21:00:00,5191.0
2013-06-30 22:00:00,5191.0
2013-06-30 23:00:00,5191.0
2013-07-01 00:00:00,5191.0
2013-07-01 01:00:00,0.0
2013-07-01 02:00:00,5.0
2013-07-01 03:00:00,62.0
2013-07-01 04:00:00,202.0
2013-07-01 05:00:00,417.0
2013-07-01 06:00:00,721.0
2013-07-01 07:00:00,1037.0
2013-07-01 08:00:00,1457.0
2013-07-01 09:00:00,1949.0
2013-07-01 10:00:00,2473.0
2013-07-01 11:00:00,2935.0
2013-07-01 12:00:00,3510.0
2013-07-01 13:00:00,4002.0
2013-07-01 14:00:00,4434.0
2013-07-01 15:00:00,4742.0
2013-07-01 16:00:00,4910.0
2013-07-01 17:00:00,4975.0
2013-07-01 18:00:00,4987.0
2013-07-01 19:00:00,4987.0
2013-07-01 20:00:00,4987.0
2013-07-01 21:00:00,4987.0
2013-07-01 22:00:00,4987.0
2013-07-01 23:00:00,4987.0
2013-07-02 00:00:00,4987.0
2013-07-02 01:00:00,0.0
2013-07-02 02:00:00,4.0
2013-07-02 03:00:00,44.0
2013-07-02 04:00:00,173.0
2013-07-02 05:00:00,421.0
2013-07-02 06:00:00,745.0
2013-07-02 07:00:00,1162.0
2013-07-02 08:00:00,1611.0
2013-07-02 09:00:00,2193.0
2013-07-02 10:00:00,2807.0
2013-07-02 11:00:00,3449.0
2013-07-02 12:00:00,3972.0
2013-07-02 13:00:00,4483.0
2013-07-02 14:00:00,4927.0
2013-07-02 15:00:00,5207.0
2013-07-02 16:00:00,5374.0
2013-07-02 17:00:00,5450.0
2013-07-02 18:00:00,5465.0
2013-07-02 19:00:00,5465.0
2013-07-02 20:00:00,5465.0
2013-07-02 21:00:00,5465.0
2013-07-02 22:00:00,5465.0
2013-07-02 23:00:00,5465.0
2013-07-03 00:00:00,5465.0
2013-07-03 01:00:00,0.0
2013-07-03 02:00:00,5.0
2013-07-03 03:00:00,71.0
2013-07-03 04:00:00,255.0
2013-07-03 05:00:00,613.0
2013-07-03 06:00:00,1130.0
2013-07-03 07:00:00,1735.0
2013-07-03 08:00:00,2501.0
2013-07-03 09:00:00,3317.0
2013-07-03 10:00:00,4198.0
2013-07-03 11:00:00,5003.0
2013-07-03 12:00:00,5723.0
2013-07-03 13:00:00,6296.0
2013-07-03 14:00:00,6710.0
2013-07-03 15:00:00,6963.0
2013-07-03 16:00:00,7093.0
2013-07-03 17:00:00,7151.0
2013-07-03 18:00:00,7161.0
2013-07-03 19:00:00,7161.0
2013-07-03 20:00:00,7161.0
2013-07-03 21:00:00,7161.0
2013-07-03 22:00:00,7161.0
2013-07-03 23:00:00,7161.0
2013-07-04 00:00:00,7161.0
2013-07-04 01:00:00,0.0
2013-07-04 02:00:00,4.0
2013-07-04 03:00:00,51.0
2013-07-04 04:00:00,153.0
2013-07-04 05:00:00,385.0
2013-07-04 06:00:00,737.0
2013-07-04 07:00:00,1231.0
2013-07-04 08:00:00,1799.0
2013-07-04 09:00:00,2385.0
2013-07-04 10:00:00,3000.0
2013-07-04 11:00:00,3473.0
2013-07-04 12:00:00,3759.0
2013-07-04 13:00:00,4091.0
2013-07-04 14:00:00,4433.0
2013-07-04 15:00:00,4744.0
2013-07-04 16:00:00,4941.0
2013-07-04 17:00:00,5041.0
2013-07-04 18:00:00,5057.0
2013-07-04 19:00:00,5057.0
2013-07-04 20:00:00,5057.0
2013-07-04 21:00:00,5057.0
2013-07-04 22:00:00,5057.0
2013-07-04 23:00:00,5057.0
2013-07-05 00:00:00,5057.0
2013-07-05 01:00:00,0.0
2013-07-05 02:00:00,5.0
2013-07-05 03:00:00,73.0
2013-07-05 04:00:00,265.0
2013-07-05 05:00:00,577.0
2013-07-05 06:00:00,1075.0
2013-07-05 07:00:00,1662.0
2013-07-05 08:00:00,2357.0
2013-07-05 09:00:00,3086.0
2013-07-05 10:00:00,3783.0
2013-07-05 11:00:00,4279.0
2013-07-05 12:00:00,4791.0
2013-07-05 13:00:00,5306.0
2013-07-05 14:00:00,5682.0
2013-07-05 15:00:00,5986.0
2013-07-05 16:00:00,6186.0
2013-07-05 17:00:00,6282.0
2013-07-05 18:00:00,6296.0
2013-07-05 19:00:00,6296.0
2013-07-05 20:00:00,6296.0
2013-07-05 21:00:00,6296.0
2013-07-05 22:00:00,6296.0
2013-07-05 23:00:00,6296.0
2013-07-06 00:00:00,6296.0
2013-07-06 01:00:00,0.0
2013-07-06 02:00:00,5.0
2013-07-06 03:00:00,77.0
2013-07-06 04:00:00,275.0
2013-07-06 05:00:00,628.0
2013-07-06 06:00:00,1133.0
2013-07-06 07:00:00,1746.0
2013-07-06 08:00:00,2439.0
2013-07-06 09:00:00,2989.0
2013-07-06 10:00:00,3526.0
2013-07-06 11:00:00,4051.0
2013-07-06 12:00:00,4574.0
2013-07-06 13:00:00,5009.0
2013-07-06 14:00:00,5420.0
2013-07-06 15:00:00,5736.0
2013-07-06 16:00:00,5934.0
2013-07-06 17:00:00,6033.0
2013-07-06 18:00:00,6048.0
2013-07-06 19:00:00,6048.0
2013-07-06 20:00:00,6048.0
2013-07-06 21:00:00,6048.0
2013-07-06 22:00:00,6048.0
2013-07-06 23:00:00,6048.0
2013-07-07 00:00:00,6048.0
2013-07-07 01:00:00,0.0
2013-07-07 02:00:00,4.0
2013-07-07 03:00:00,74.0
2013-07-07 04:00:00,270.0
2013-07-07 05:00:00,616.0
2013-07-07 06:00:00,1104.0
2013-07-07 07:00:00,1739.0
2013-07-07 08:00:00,2475.0
2013-07-07 09:00:00,3144.0
2013-07-07 10:00:00,3841.0
2013-07-07 11:00:00,4555.0
2013-07-07 12:00:00,5167.0
2013-07-07 13:00:00,5660.0
2013-07-07 14:00:00,6008.0
2013-07-07 15:00:00,6300.0
2013-07-07 16:00:00,6495.0
2013-07-07 17:00:00,6592.0
2013-07-07 18:00:00,6605.0
2013-07-07 19:00:00,6605.0
2013-07-07 20:00:00,6605.0
2013-07-07 21:00:00,6605.0
2013-07-07 22:00:00,6605.0
2013-07-07 23:00:00,6605.0
2013-07-08 00:00:00,6605.0
2013-07-08 01:00:00,0.0
2013-07-08 02:00:00,4.0
2013-07-08 03:00:00,64.0
2013-07-08 04:00:00,240.0
2013-07-08 05:00:00,562.0
2013-07-08 06:00:00,1009.0
2013-07-08 07:00:00,1572.0
2013-07-08 08:00:00,2187.0
2013-07-08 09:00:00,2883.0
2013-07-08 10:00:00,3677.0
2013-07-08 11:00:00,4418.0
2013-07-08 12:00:00,4931.0
2013-07-08 13:00:00,5348.0
2013-07-08 14:00:00,5747.0
2013-07-08 15:00:00,6079.0
2013-07-08 16:00:00,6277.0
2013-07-08 17:00:00,6370.0
2013-07-08 18:00:00,6383.0
2013-07-08 19:00:00,6383.0
2013-07-08 20:00:00,6383.0
2013-07-08 21:00:00,6383.0
2013-07-08 22:00:00,6383.0
2013-07-08 23:00:00,6383.0
2013-07-09 00:00:00,6383.0
2013-07-09 01:00:00,0.0
2013-07-09 02:00:00,4.0
2013-07-09 03:00:00,68.0
2013-07-09 04:00:00,255.0
2013-07-09 05:00:00,578.0
2013-07-09 06:00:00,978.0
2013-07-09 07:00:00,1574.0
2013-07-09 08:00:00,2211.0
2013-07-09 09:00:00,2761.0
2013-07-09 10:00:00,3238.0
2013-07-09 11:00:00,3764.0
2013-07-09 12:00:00,4138.0
2013-07-09 13:00:00,4541.0
2013-07-09 14:00:00,4951.0
2013-07-09 15:00:00,5198.0
2013-07-09 16:00:00,5344.0
2013-07-09 17:00:00,5415.0
2013-07-09 18:00:00,5427.0
2013-07-09 19:00:00,5427.0
2013-07-09 20:00:00,5427.0
2013-07-09 21:00:00,5427.0
2013-07-09 22:00:00,5427.0
2013-07-09 23:00:00,5427.0
2013-07-10 00:00:00,5427.0
2013-07-10 01:00:00,0.0
2013-07-10 02:00:00,3.0
2013-07-10 03:00:00,68.0
2013-07-10 04:00:00,256.0
2013-07-10 05:00:00,592.0
2013-07-10 06:00:00,1070.0
2013-07-10 07:00:00,1690.0
2013-07-10 08:00:00,2391.0
2013-07-10 09:00:00,3054.0
2013-07-10 10:00:00,3771.0
2013-07-10 11:00:00,4293.0
2013-07-10 12:00:00,4795.0
2013-07-10 13:00:00,5160.0
2013-07-10 14:00:00,5495.0
2013-07-10 15:00:00,5741.0
2013-07-10 16:00:00,5870.0
2013-07-10 17:00:00,5931.0
2013-07-10 18:00:00,5941.0
2013-07-10 19:00:00,5941.0
2013-07-10 20:00:00,5941.0
2013-07-10 21:00:00,5941.0
2013-07-10 22:00:00,5941.0
2013-07-10 23:00:00,5941.0
2013-07-11 00:00:00,5941.0
2013-07-11 01:00:00,0.0
2013-07-11 02:00:00,2.0
2013-07-11 03:00:00,56.0
2013-07-11 04:00:00,220.0
2013-07-11 05:00:00,531.0
2013-07-11 06:00:00,963.0
2013-07-11 07:00:00,1504.0
2013-07-11 08:00:00,2133.0
2013-07-11 09:00:00,2709.0
2013-07-11 10:00:00,3333.0
2013-07-11 11:00:00,3888.0
2013-07-11 12:00:00,4440.0
2013-07-11 13:00:00,4878.0
2013-07-11 14:00:00,5223.0
2013-07-11 15:00:00,5506.0
2013-07-11 16:00:00,5678.0
2013-07-11 17:00:00,5752.0
2013-07-11 18:00:00,5760.0
2013-07-11 19:00:00,5760.0
2013-07-11 20:00:00,5760.0
2013-07-11 21:00:00,5760.0
2013-07-11 22:00:00,5760.0
2013-07-11 23:00:00,5760.0
2013-07-12 00:00:00,5760.0
2013-07-12 01:00:00,0.0
2013-07-12 02:00:00,2.0
2013-07-12 03:00:00,55.0
2013-07-12 04:00:00,203.0
2013-07-12 05:00:00,452.0
2013-07-12 06:00:00,863.0
2013-07-12 07:00:00,1369.0
2013-07-12 08:00:00,1987.0
2013-07-12 09:00:00,2715.0
2013-07-12 10:00:00,3449.0
2013-07-12 11:00:00,4064.0
2013-07-12 12:00:00,4620.0
2013-07-12 13:00:00,5129.0
2013-07-12 14:00:00,5523.0
2013-07-12 15:00:00,5814.0
2013-07-12 16:00:00,5986.0
2013-07-12 17:00:00,6046.0
2013-07-12 18:00:00,6057.0
2013-07-12 19:00:00,6057.0
2013-07-12 20:00:00,6057.0
2013-07-12 21:00:00,6057.0
2013-07-12 22:00:00,6057.0
2013-07-12 23:00:00,6057.0
2013-07-13 00:00:00,6057.0
2013-07-13 01:00:00,0.0
2013-07-13 02:00:00,2.0
2013-07-13 03:00:00,55.0
2013-07-13 04:00:00,194.0
2013-07-13 05:00:00,481.0
2013-07-13 06:00:00,905.0
2013-07-13 07:00:00,1413.0
2013-07-13 08:00:00,2025.0
2013-07-13 09:00:00,2716.0
2013-07-13 10:00:00,3356.0
2013-07-13 11:00:00,4033.0
2013-07-13 12:00:00,4621.0
2013-07-13 13:00:00,5067.0
2013-07-13 14:00:00,5386.0
2013-07-13 15:00:00,5569.0
2013-07-13 16:00:00,5666.0
2013-07-13 17:00:00,5721.0
2013-07-13 18:00:00,5730.0
2013-07-13 19:00:00,5730.0
2013-07-13 20:00:00,5730.0
2013-07-13 21:00:00,5730.0
2013-07-13 22:00:00,5730.0
2013-07-13 23:00:00,5730.0
2013-07-14 00:00:00,5730.0
2013-07-14 01:00:00,0.0
2013-07-14 02:00:00,2.0
2013-07-14 03:00:00,54.0
2013-07-14 04:00:00,212.0
2013-07-14 05:00:00,517.0
2013-07-14 06:00:00,973.0
2013-07-14 07:00:00,1588.0
2013-07-14 08:00:00,2271.0
2013-07-14 09:00:00,3010.0
2013-07-14 10:00:00,3731.0
2013-07-14 11:00:00,4474.0
2013-07-14 12:00:00,5090.0
2013-07-14 13:00:00,5683.0
2013-07-14 14:00:00,6142.0
2013-07-14 15:00:00,6409.0
2013-07-14 16:00:00,6553.0
2013-07-14 17:00:00,6626.0
2013-07-14 18:00:00,6635.0
2013-07-14 19:00:00,6635.0
2013-07-14 20:00:00,6635.0
2013-07-14 21:00:00,6635.0
2013-07-14 22:00:00,6635.0
2013-07-14 23:00:00,6635.0
2013-07-15 00:00:00,6635.0
2013-07-15 01:00:00,0.0
2013-07-15 02:00:00,2.0
2013-07-15 03:00:00,44.0
2013-07-15 04:00:00,174.0
2013-07-15 05:00:00,414.0
2013-07-15 06:00:00,816.0
2013-07-15 07:00:00,1260.0
2013-07-15 08:00:00,1700.0
2013-07-15 09:00:00,2184.0
2013-07-15 10:00:00,2826.0
2013-07-15 11:00:00,3258.0
2013-07-15 12:00:00,3801.0
2013-07-15 13:00:00,4260.0
2013-07-15 14:00:00,4688.0
2013-07-15 15:00:00,4953.0
2013-07-15 16:00:00,5125.0
2013-07-15 17:00:00,5203.0
2013-07-15 18:00:00,5212.0
2013-07-15 19:00:00,5212.0
2013-07-15 20:00:00,5212.0
2013-07-15 21:00:00,5212.0
2013-07-15 22:00:00,5212.0
2013-07-15 23:00:00,5212.0
2013-07-16 00:00:00,5212.0
2013-07-16 01:00:00,0.0
2013-07-16 02:00:00,2.0
2013-07-16 03:00:00,54.0
2013-07-16 04:00:00,208.0
2013-07-16 05:00:00,512.0
2013-07-16 06:00:00,920.0
2013-07-16 07:00:00,1388.0
2013-07-16 08:00:00,1909.0
2013-07-16 09:00:00,2496.0
2013-07-16 10:00:00,2938.0
2013-07-16 11:00:00,3393.0
2013-07-16 12:00:00,3855.0
2013-07-16 13:00:00,4368.0
2013-07-16 14:00:00,4729.0
2013-07-16 15:00:00,4896.0
2013-07-16 16:00:00,5005.0
2013-07-16 17:00:00,5068.0
2013-07-16 18:00:00,5076.0
2013-07-16 19:00:00,5076.0
2013-07-16 20:00:00,5076.0
2013-07-16 21:00:00,5076.0
2013-07-16 22:00:00,5076.0
2013-07-16 23:00:00,5076.0
2013-07-17 00:00:00,5076.0
2013-07-17 01:00:00,0.0
2013-07-17 02:00:00,1.0
2013-07-17 03:00:00,55.0
2013-07-17 04:00:00,229.0
2013-07-17 05:00:00,543.0
2013-07-17 06:00:00,1010.0
2013-07-17 07:00:00,1590.0
2013-07-17 08:00:00,2107.0
2013-07-17 09:00:00,2689.0
2013-07-17 10:00:00,3235.0
2013-07-17 11:00:00,3866.0
2013-07-17 12:00:00,4238.0
2013-07-17 13:00:00,4647.0
2013-07-17 14:00:00,5043.0
2013-07-17 15:00:00,5306.0
2013-07-17 16:00:00,5446.0
2013-07-17 17:00:00,5508.0
2013-07-17 18:00:00,5514.0
2013-07-17 19:00:00,5514.0
2013-07-17 20:00:00,5514.0
2013-07-17 21:00:00,5514.0
2013-07-17 22:00:00,5514.0
2013-07-17 23:00:00,5514.0
2013-07-18 00:00:00,5514.0
2013-07-18 01:00:00,0.0
2013-07-18 02:00:00,1.0
2013-07-18 03:00:00,48.0
2013-07-18 04:00:00,206.0
2013-07-18 05:00:00,503.0
2013-07-18 06:00:00,954.0
2013-07-18 07:00:00,1564.0
2013-07-18 08:00:00,2231.0
2013-07-18 09:00:00,2991.0
2013-07-18 10:00:00,3797.0
2013-07-18 11:00:00,4623.0
2013-07-18 12:00:00,5411.0
2013-07-18 13:00:00,6092.0
2013-07-18 14:00:00,6637.0
2013-07-18 15:00:00,6990.0
2013-07-18 16:00:00,7197.0
2013-07-18 17:00:00,7286.0
2013-07-18 18:00:00,7295.0
2013-07-18 19:00:00,7295.0
2013-07-18 20:00:00,7295.0
2013-07-18 21:00:00,7295.0
2013-07-18 22:00:00,7295.0
2013-07-18 23:00:00,7295.0
2013-07-19 00:00:00,7295.0
2013-07-19 01:00:00,0.0
2013-07-19 02:00:00,1.0
2013-07-19 03:00:00,52.0
2013-07-19 04:00:00,205.0
2013-07-19 05:00:00,498.0
2013-07-19 06:00:00,935.0
2013-07-19 07:00:00,1541.0
2013-07-19 08:00:00,2228.0
2013-07-19 09:00:00,2783.0
2013-07-19 10:00:00,3412.0
2013-07-19 11:00:00,3945.0
2013-07-19 12:00:00,4392.0
2013-07-19 13:00:00,4800.0
2013-07-19 14:00:00,5131.0
2013-07-19 15:00:00,5420.0
2013-07-19 16:00:00,5592.0
2013-07-19 17:00:00,5668.0
2013-07-19 18:00:00,5675.0
2013-07-19 19:00:00,5675.0
2013-07-19 20:00:00,5675.0
2013-07-19 21:00:00,5675.0
2013-07-19 22:00:00,5675.0
2013-07-19 23:00:00,5675.0
2013-07-20 00:00:00,5675.0
2013-07-20 01:00:00,0.0
2013-07-20 02:00:00,1.0
2013-07-20 03:00:00,47.0
2013-07-20 04:00:00,209.0
2013-07-20 05:00:00,496.0
2013-07-20 06:00:00,903.0
2013-07-20 07:00:00,1476.0
2013-07-20 08:00:00,2144.0
2013-07-20 09:00:00,2796.0
2013-07-20 10:00:00,3211.0
2013-07-20 11:00:00,3694.0
2013-07-20 12:00:00,3959.0
2013-07-20 13:00:00,4165.0
2013-07-20 14:00:00,4309.0
2013-07-20 15:00:00,4450.0
2013-07-20 16:00:00,4528.0
2013-07-20 17:00:00,4565.0
2013-07-20 18:00:00,4568.0
2013-07-20 19:00:00,4568.0
2013-07-20 20:00:00,4568.0
2013-07-20 21:00:00,4568.0
2013-07-20 22:00:00,4568.0
2013-07-20 23:00:00,4568.0
2013-07-21 00:00:00,4568.0
2013-07-21 01:00:00,0.0
2013-07-21 02:00:00,1.0
2013-07-21 03:00:00,43.0
2013-07-21 04:00:00,179.0
2013-07-21 05:00:00,459.0
2013-07-21 06:00:00,877.0
2013-07-21 07:00:00,1403.0
2013-07-21 08:00:00,1968.0
2013-07-21 09:00:00,2540.0
2013-07-21 10:00:00,3084.0
2013-07-21 11:00:00,3597.0
2013-07-21 12:00:00,4162.0
2013-07-21 13:00:00,4503.0
2013-07-21 14:00:00,4783.0
2013-07-21 15:00:00,5078.0
2013-07-21 16:00:00,5206.0
2013-07-21 17:00:00,5262.0
2013-07-21 18:00:00,5267.0
2013-07-21 19:00:00,5267.0
2013-07-21 20:00:00,5267.0
2013-07-21 21:00:00,5267.0
2013-07-21 22:00:00,5267.0
2013-07-21 23:00:00,5267.0
2013-07-22 00:00:00,5267.0
2013-07-22 01:00:00,0.0
2013-07-22 02:00:00,0.0
2013-07-22 03:00:00,41.0
2013-07-22 04:00:00,167.0
2013-07-22 05:00:00,435.0
2013-07-22 06:00:00,879.0
2013-07-22 07:00:00,1247.0
2013-07-22 08:00:00,1710.0
2013-07-22 09:00:00,2237.0
2013-07-22 10:00:00,2806.0
2013-07-22 11:00:00,3194.0
2013-07-22 12:00:00,3660.0
2013-07-22 13:00:00,4038.0
2013-07-22 14:00:00,4411.0
2013-07-22 15:00:00,4661.0
2013-07-22 16:00:00,4805.0
2013-07-22 17:00:00,4852.0
2013-07-22 18:00:00,4858.0
2013-07-22 19:00:00,4858.0
2013-07-22 20:00:00,4858.0
2013-07-22 21:00:00,4858.0
2013-07-22 22:00:00,4858.0
2013-07-22 23:00:00,4858.0
2013-07-23 00:00:00,4858.0
2013-07-23 01:00:00,0.0
2013-07-23 02:00:00,0.0
2013-07-23 03:00:00,39.0
2013-07-23 04:00:00,178.0
2013-07-23 05:00:00,475.0
2013-07-23 06:00:00,901.0
2013-07-23 07:00:00,1482.0
2013-07-23 08:00:00,2043.0
2013-07-23 09:00:00,2609.0
2013-07-23 10:00:00,3070.0
2013-07-23 11:00:00,3508.0
2013-07-23 12:00:00,3958.0
2013-07-23 13:00:00,4312.0
2013-07-23 14:00:00,4617.0
2013-07-23 15:00:00,4895.0
2013-07-23 16:00:00,5062.0
2013-07-23 17:00:00,5118.0
2013-07-23 18:00:00,5123.0
2013-07-23 19:00:00,5123.0
2013-07-23 20:00:00,5123.0
2013-07-23 21:00:00,5123.0
2013-07-23 22:00:00,5123.0
2013-07-23 23:00:00,5123.0
2013-07-24 00:00:00,5123.0
2013-07-24 01:00:00,0.0
2013-07-24 02:00:00,0.0
2013-07-24 03:00:00,33.0
2013-07-24 04:00:00,135.0
2013-07-24 05:00:00,295.0
2013-07-24 06:00:00,574.0
2013-07-24 07:00:00,824.0
2013-07-24 08:00:00,1088.0
2013-07-24 09:00:00,1397.0
2013-07-24 10:00:00,1821.0
2013-07-24 11:00:00,2217.0
2013-07-24 12:00:00,2638.0
2013-07-24 13:00:00,3024.0
2013-07-24 14:00:00,3283.0
2013-07-24 15:00:00,3502.0
2013-07-24 16:00:00,3655.0
2013-07-24 17:00:00,3713.0
2013-07-24 18:00:00,3717.0
2013-07-24 19:00:00,3717.0
2013-07-24 20:00:00,3717.0
2013-07-24 21:00:00,3717.0
2013-07-24 22:00:00,3717.0
2013-07-24 23:00:00,3717.0
2013-07-25 00:00:00,3717.0
2013-07-25 01:00:00,0.0
2013-07-25 02:00:00,0.0
2013-07-25 03:00:00,40.0
2013-07-25 04:00:00,194.0
2013-07-25 05:00:00,503.0
2013-07-25 06:00:00,962.0
2013-07-25 07:00:00,1525.0
2013-07-25 08:00:00,2102.0
2013-07-25 09:00:00,2765.0
2013-07-25 10:00:00,3439.0
2013-07-25 11:00:00,4040.0
2013-07-25 12:00:00,4551.0
2013-07-25 13:00:00,5032.0
2013-07-25 14:00:00,5301.0
2013-07-25 15:00:00,5541.0
2013-07-25 16:00:00,5691.0
2013-07-25 17:00:00,5756.0
2013-07-25 18:00:00,5760.0
2013-07-25 19:00:00,5760.0
2013-07-25 20:00:00,5760.0
2013-07-25 21:00:00,5760.0
2013-07-25 22:00:00,5760.0
2013-07-25 23:00:00,5760.0
2013-07-26 00:00:00,5760.0
2013-07-26 01:00:00,0.0
2013-07-26 02:00:00,0.0
2013-07-26 03:00:00,38.0
2013-07-26 04:00:00,188.0
2013-07-26 05:00:00,461.0
2013-07-26 06:00:00,815.0
2013-07-26 07:00:00,1292.0
2013-07-26 08:00:00,1932.0
2013-07-26 09:00:00,2567.0
2013-07-26 10:00:00,3150.0
2013-07-26 11:00:00,3648.0
2013-07-26 12:00:00,4127.0
2013-07-26 13:00:00,4528.0
2013-07-26 14:00:00,4834.0
2013-07-26 15:00:00,5062.0
2013-07-26 16:00:00,5200.0
2013-07-26 17:00:00,5243.0
2013-07-26 18:00:00,5246.0
2013-07-26 19:00:00,5246.0
2013-07-26 20:00:00,5246.0
2013-07-26 21:00:00,5246.0
2013-07-26 22:00:00,5246.0
2013-07-26 23:00:00,5246.0
2013-07-27 00:00:00,5246.0
2013-07-27 01:00:00,0.0
2013-07-27 02:00:00,0.0
2013-07-27 03:00:00,36.0
2013-07-27 04:00:00,177.0
2013-07-27 05:00:00,443.0
2013-07-27 06:00:00,818.0
2013-07-27 07:00:00,1159.0
2013-07-27 08:00:00,1533.0
2013-07-27 09:00:00,1903.0
2013-07-27 10:00:00,2170.0
2013-07-27 11:00:00,2441.0
2013-07-27 12:00:00,2775.0
2013-07-27 13:00:00,3185.0
2013-07-27 14:00:00,3558.0
2013-07-27 15:00:00,3806.0
2013-07-27 16:00:00,3934.0
2013-07-27 17:00:00,3982.0
2013-07-27 18:00:00,3985.0
2013-07-27 19:00:00,3985.0
2013-07-27 20:00:00,3985.0
2013-07-27 21:00:00,3985.0
2013-07-27 22:00:00,3985.0
2013-07-27 23:00:00,3985.0
2013-07-28 00:00:00,3985.0
2013-07-28 01:00:00,0.0
2013-07-28 02:00:00,0.0
2013-07-28 03:00:00,28.0
2013-07-28 04:00:00,158.0
2013-07-28 05:00:00,415.0
2013-07-28 06:00:00,804.0
2013-07-28 07:00:00,1257.0
2013-07-28 08:00:00,1772.0
2013-07-28 09:00:00,2322.0
2013-07-28 10:00:00,2945.0
2013-07-28 11:00:00,3609.0
2013-07-28 12:00:00,4096.0
2013-07-28 13:00:00,4540.0
2013-07-28 14:00:00,4885.0
2013-07-28 15:00:00,5109.0
2013-07-28 16:00:00,5252.0
2013-07-28 17:00:00,5306.0
2013-07-28 18:00:00,5309.0
2013-07-28 19:00:00,5309.0
2013-07-28 20:00:00,5309.0
2013-07-28 21:00:00,5309.0
2013-07-28 22:00:00,5309.0
2013-07-28 23:00:00,5309.0
2013-07-29 00:00:00,5309.0
2013-07-29 01:00:00,0.0
2013-07-29 02:00:00,0.0
2013-07-29 03:00:00,27.0
2013-07-29 04:00:00,131.0
2013-07-29 05:00:00,372.0
2013-07-29 06:00:00,742.0
2013-07-29 07:00:00,1187.0
2013-07-29 08:00:00,1642.0
2013-07-29 09:00:00,2194.0
2013-07-29 10:00:00,2695.0
2013-07-29 11:00:00,3137.0
2013-07-29 12:00:00,3612.0
2013-07-29 13:00:00,4049.0
2013-07-29 14:00:00,4399.0
2013-07-29 15:00:00,4593.0
2013-07-29 16:00:00,4700.0
2013-07-29 17:00:00,4731.0
2013-07-29 18:00:00,4733.0
2013-07-29 19:00:00,4733.0
2013-07-29 20:00:00,4733.0
2013-07-29 21:00:00,4733.0
2013-07-29 22:00:00,4733.0
2013-07-29 23:00:00,4733.0
2013-07-30 00:00:00,4733.0
2013-07-30 01:00:00,0.0
2013-07-30 02:00:00,0.0
2013-07-30 03:00:00,24.0
2013-07-30 04:00:00,111.0
2013-07-30 05:00:00,288.0
2013-07-30 06:00:00,569.0
2013-07-30 07:00:00,915.0
2013-07-30 08:00:00,1223.0
2013-07-30 09:00:00,1543.0
2013-07-30 10:00:00,1923.0
2013-07-30 11:00:00,2216.0
2013-07-30 12:00:00,2471.0
2013-07-30 13:00:00,2707.0
2013-07-30 14:00:00,2929.0
2013-07-30 15:00:00,3139.0
2013-07-30 16:00:00,3230.0
2013-07-30 17:00:00,3255.0
2013-07-30 18:00:00,3256.0
2013-07-30 19:00:00,3256.0
2013-07-30 20:00:00,3256.0
2013-07-30 21:00:00,3256.0
2013-07-30 22:00:00,3256.0
2013-07-30 23:00:00,3256.0
2013-07-31 00:00:00,3256.0
2013-07-31 01:00:00,0.0
2013-07-31 02:00:00,0.0
2013-07-31 03:00:00,27.0
2013-07-31 04:00:00,139.0
2013-07-31 05:00:00,378.0
2013-07-31 06:00:00,717.0
2013-07-31 07:00:00,1082.0
2013-07-31 08:00:00,1598.0
2013-07-31 09:00:00,2187.0
2013-07-31 10:00:00,2815.0
2013-07-31 11:00:00,3506.0
2013-07-31 12:00:00,4135.0
2013-07-31 13:00:00,4549.0
2013-07-31 14:00:00,4930.0
2013-07-31 15:00:00,5220.0
2013-07-31 16:00:00,5368.0
2013-07-31 17:00:00,5421.0
2013-07-31 18:00:00,5423.0
2013-07-31 19:00:00,5423.0
2013-07-31 20:00:00,5423.0
2013-07-31 21:00:00,5423.0
2013-07-31 22:00:00,5423.0
2013-07-31 23:00:00,5423.0
2013-08-01 00:00:00,5423.0
2013-08-01 01:00:00,0.0
2013-08-01 02:00:00,0.0
2013-08-01 03:00:00,27.0
2013-08-01 04:00:00,156.0
2013-08-01 05:00:00,441.0
2013-08-01 06:00:00,862.0
2013-08-01 07:00:00,1440.0
2013-08-01 08:00:00,2107.0
2013-08-01 09:00:00,2806.0
2013-08-01 10:00:00,3488.0
2013-08-01 11:00:00,4103.0
2013-08-01 12:00:00,4619.0
2013-08-01 13:00:00,5051.0
2013-08-01 14:00:00,5347.0
2013-08-01 15:00:00,5585.0
2013-08-01 16:00:00,5734.0
2013-08-01 17:00:00,5782.0
2013-08-01 18:00:00,5783.0
2013-08-01 19:00:00,5783.0
2013-08-01 20:00:00,5783.0
2013-08-01 21:00:00,5783.0
2013-08-01 22:00:00,5783.0
2013-08-01 23:00:00,5783.0
2013-08-02 00:00:00,5783.0
2013-08-02 01:00:00,0.0
2013-08-02 02:00:00,0.0
2013-08-02 03:00:00,25.0
2013-08-02 04:00:00,153.0
2013-08-02 05:00:00,416.0
2013-08-02 06:00:00,832.0
2013-08-02 07:00:00,1383.0
2013-08-02 08:00:00,1943.0
2013-08-02 09:00:00,2510.0
2013-08-02 10:00:00,3160.0
2013-08-02 11:00:00,3863.0
2013-08-02 12:00:00,4457.0
2013-08-02 13:00:00,4967.0
2013-08-02 14:00:00,5393.0
2013-08-02 15:00:00,5668.0
2013-08-02 16:00:00,5788.0
2013-08-02 17:00:00,5819.0
2013-08-02 18:00:00,5820.0
2013-08-02 19:00:00,5820.0
2013-08-02 20:00:00,5820.0
2013-08-02 21:00:00,5820.0
2013-08-02 22:00:00,5820.0
2013-08-02 23:00:00,5820.0
2013-08-03 00:00:00,5820.0
2013-08-03 01:00:00,0.0
2013-08-03 02:00:00,0.0
2013-08-03 03:00:00,13.0
2013-08-03 04:00:00,87.0
2013-08-03 05:00:00,192.0
2013-08-03 06:00:00,366.0
2013-08-03 07:00:00,563.0
2013-08-03 08:00:00,823.0
2013-08-03 09:00:00,1279.0
2013-08-03 10:00:00,1630.0
2013-08-03 11:00:00,2034.0
2013-08-03 12:00:00,2300.0
2013-08-03 13:00:00,2523.0
2013-08-03 14:00:00,2740.0
2013-08-03 15:00:00,2911.0
2013-08-03 16:00:00,2997.0
2013-08-03 17:00:00,3027.0
2013-08-03 18:00:00,3027.0
2013-08-03 19:00:00,3027.0
2013-08-03 20:00:00,3027.0
2013-08-03 21:00:00,3027.0
2013-08-03 22:00:00,3027.0
2013-08-03 23:00:00,3027.0
2013-08-04 00:00:00,3027.0
2013-08-04 01:00:00,0.0
2013-08-04 02:00:00,0.0
2013-08-04 03:00:00,18.0
2013-08-04 04:00:00,129.0
2013-08-04 05:00:00,326.0
2013-08-04 06:00:00,684.0
2013-08-04 07:00:00,916.0
2013-08-04 08:00:00,1183.0
2013-08-04 09:00:00,1534.0
2013-08-04 10:00:00,2026.0
2013-08-04 11:00:00,2542.0
2013-08-04 12:00:00,2972.0
2013-08-04 13:00:00,3373.0
2013-08-04 14:00:00,3654.0
2013-08-04 15:00:00,3854.0
2013-08-04 16:00:00,3940.0
2013-08-04 17:00:00,3973.0
2013-08-04 18:00:00,3974.0
2013-08-04 19:00:00,3974.0
2013-08-04 20:00:00,3974.0
2013-08-04 21:00:00,3974.0
2013-08-04 22:00:00,3974.0
2013-08-04 23:00:00,3974.0
2013-08-05 00:00:00,3974.0
2013-08-05 01:00:00,0.0
2013-08-05 02:00:00,0.0
2013-08-05 03:00:00,12.0
2013-08-05 04:00:00,96.0
2013-08-05 05:00:00,270.0
2013-08-05 06:00:00,508.0
2013-08-05 07:00:00,676.0
2013-08-05 08:00:00,963.0
2013-08-05 09:00:00,1275.0
2013-08-05 10:00:00,1626.0
2013-08-05 11:00:00,1962.0
2013-08-05 12:00:00,2280.0
2013-08-05 13:00:00,2559.0
2013-08-05 14:00:00,2730.0
2013-08-05 15:00:00,2872.0
2013-08-05 16:00:00,2967.0
2013-08-05 17:00:00,2995.0
2013-08-05 18:00:00,2996.0
2013-08-05 19:00:00,2996.0
2013-08-05 20:00:00,2996.0
2013-08-05 21:00:00,2996.0
2013-08-05 22:00:00,2996.0
2013-08-05 23:00:00,2996.0
2013-08-06 00:00:00,2996.0
2013-08-06 01:00:00,0.0
2013-08-06 02:00:00,0.0
2013-08-06 03:00:00,17.0
2013-08-06 04:00:00,105.0
2013-08-06 05:00:00,280.0
2013-08-06 06:00:00,489.0
2013-08-06 07:00:00,687.0
2013-08-06 08:00:00,982.0
2013-08-06 09:00:00,1413.0
2013-08-06 10:00:00,1903.0
2013-08-06 11:00:00,2413.0
2013-08-06 12:00:00,2937.0
2013-08-06 13:00:00,3411.0
2013-08-06 14:00:00,3764.0
2013-08-06 15:00:00,3998.0
2013-08-06 16:00:00,4117.0
2013-08-06 17:00:00,4153.0
2013-08-06 18:00:00,4153.0
2013-08-06 19:00:00,4153.0
2013-08-06 20:00:00,4153.0
2013-08-06 21:00:00,4153.0
2013-08-06 22:00:00,4153.0
2013-08-06 23:00:00,4153.0
2013-08-07 00:00:00,4153.0
2013-08-07 01:00:00,0.0
2013-08-07 02:00:00,0.0
2013-08-07 03:00:00,17.0
2013-08-07 04:00:00,135.0
2013-08-07 05:00:00,385.0
2013-08-07 06:00:00,783.0
2013-08-07 07:00:00,1334.0
2013-08-07 08:00:00,1983.0
2013-08-07 09:00:00,2706.0
2013-08-07 10:00:00,3423.0
2013-08-07 11:00:00,4077.0
2013-08-07 12:00:00,4665.0
2013-08-07 13:00:00,5136.0
2013-08-07 14:00:00,5513.0
2013-08-07 15:00:00,5738.0
2013-08-07 16:00:00,5851.0
2013-08-07 17:00:00,5886.0
2013-08-07 18:00:00,5887.0
2013-08-07 19:00:00,5887.0
2013-08-07 20:00:00,5887.0
2013-08-07 21:00:00,5887.0
2013-08-07 22:00:00,5887.0
2013-08-07 23:00:00,5887.0
2013-08-08 00:00:00,5887.0
2013-08-08 01:00:00,0.0
2013-08-08 02:00:00,0.0
2013-08-08 03:00:00,17.0
2013-08-08 04:00:00,133.0
2013-08-08 05:00:00,390.0
2013-08-08 06:00:00,796.0
2013-08-08 07:00:00,1317.0
2013-08-08 08:00:00,1931.0
2013-08-08 09:00:00,2546.0
2013-08-08 10:00:00,3077.0
2013-08-08 11:00:00,3531.0
2013-08-08 12:00:00,3951.0
2013-08-08 13:00:00,4307.0
2013-08-08 14:00:00,4661.0
2013-08-08 15:00:00,4878.0
2013-08-08 16:00:00,5009.0
2013-08-08 17:00:00,5045.0
2013-08-08 18:00:00,5045.0
2013-08-08 19:00:00,5045.0
2013-08-08 20:00:00,5045.0
2013-08-08 21:00:00,5045.0
2013-08-08 22:00:00,5045.0
2013-08-08 23:00:00,5045.0
2013-08-09 00:00:00,5045.0
2013-08-09 01:00:00,0.0
2013-08-09 02:00:00,0.0
2013-08-09 03:00:00,17.0
2013-08-09 04:00:00,138.0
2013-08-09 05:00:00,408.0
2013-08-09 06:00:00,836.0
2013-08-09 07:00:00,1406.0
2013-08-09 08:00:00,2093.0
2013-08-09 09:00:00,2858.0
2013-08-09 10:00:00,3665.0
2013-08-09 11:00:00,4455.0
2013-08-09 12:00:00,5184.0
2013-08-09 13:00:00,5803.0
2013-08-09 14:00:00,6279.0
2013-08-09 15:00:00,6600.0
2013-08-09 16:00:00,6762.0
2013-08-09 17:00:00,6803.0
2013-08-09 18:00:00,6803.0
2013-08-09 19:00:00,6803.0
2013-08-09 20:00:00,6803.0
2013-08-09 21:00:00,6803.0
2013-08-09 22:00:00,6803.0
2013-08-09 23:00:00,6803.0
2013-08-10 00:00:00,6803.0
2013-08-10 01:00:00,0.0
2013-08-10 02:00:00,0.0
2013-08-10 03:00:00,16.0
2013-08-10 04:00:00,127.0
2013-08-10 05:00:00,357.0
2013-08-10 06:00:00,728.0
2013-08-10 07:00:00,1210.0
2013-08-10 08:00:00,1801.0
2013-08-10 09:00:00,2527.0
2013-08-10 10:00:00,3296.0
2013-08-10 11:00:00,3933.0
2013-08-10 12:00:00,4527.0
2013-08-10 13:00:00,5066.0
2013-08-10 14:00:00,5500.0
2013-08-10 15:00:00,5799.0
2013-08-10 16:00:00,5958.0
2013-08-10 17:00:00,5996.0
2013-08-10 18:00:00,5996.0
2013-08-10 19:00:00,5996.0
2013-08-10 20:00:00,5996.0
2013-08-10 21:00:00,5996.0
2013-08-10 22:00:00,5996.0
2013-08-10 23:00:00,5996.0
2013-08-11 00:00:00,5996.0
2013-08-11 01:00:00,0.0
2013-08-11 02:00:00,0.0
2013-08-11 03:00:00,13.0
2013-08-11 04:00:00,115.0
2013-08-11 05:00:00,356.0
2013-08-11 06:00:00,773.0
2013-08-11 07:00:00,1322.0
2013-08-11 08:00:00,1991.0
2013-08-11 09:00:00,2745.0
2013-08-11 10:00:00,3534.0
2013-08-11 11:00:00,4303.0
2013-08-11 12:00:00,5013.0
2013-08-11 13:00:00,5616.0
2013-08-11 14:00:00,6082.0
2013-08-11 15:00:00,6390.0
2013-08-11 16:00:00,6544.0
2013-08-11 17:00:00,6580.0
2013-08-11 18:00:00,6580.0
2013-08-11 19:00:00,6580.0
2013-08-11 20:00:00,6580.0
2013-08-11 21:00:00,6580.0
2013-08-11 22:00:00,6580.0
2013-08-11 23:00:00,6580.0
2013-08-12 00:00:00,6580.0
2013-08-12 01:00:00,0.0
2013-08-12 02:00:00,0.0
2013-08-12 03:00:00,13.0
2013-08-12 04:00:00,122.0
2013-08-12 05:00:00,380.0
2013-08-12 06:00:00,795.0
2013-08-12 07:00:00,1328.0
2013-08-12 08:00:00,1979.0
2013-08-12 09:00:00,2704.0
2013-08-12 10:00:00,3473.0
2013-08-12 11:00:00,4165.0
2013-08-12 12:00:00,4807.0
2013-08-12 13:00:00,5275.0
2013-08-12 14:00:00,5617.0
2013-08-12 15:00:00,5864.0
2013-08-12 16:00:00,5966.0
2013-08-12 17:00:00,5992.0
2013-08-12 18:00:00,5992.0
2013-08-12 19:00:00,5992.0
2013-08-12 20:00:00,5992.0
2013-08-12 21:00:00,5992.0
2013-08-12 22:00:00,5992.0
2013-08-12 23:00:00,5992.0
2013-08-13 00:00:00,5992.0
2013-08-13 01:00:00,0.0
2013-08-13 02:00:00,0.0
2013-08-13 03:00:00,11.0
2013-08-13 04:00:00,99.0
2013-08-13 05:00:00,303.0
2013-08-13 06:00:00,625.0
2013-08-13 07:00:00,1107.0
2013-08-13 08:00:00,1602.0
2013-08-13 09:00:00,2214.0
2013-08-13 10:00:00,2900.0
2013-08-13 11:00:00,3587.0
2013-08-13 12:00:00,4172.0
2013-08-13 13:00:00,4605.0
2013-08-13 14:00:00,4949.0
2013-08-13 15:00:00,5139.0
2013-08-13 16:00:00,5262.0
2013-08-13 17:00:00,5288.0
2013-08-13 18:00:00,5288.0
2013-08-13 19:00:00,5288.0
2013-08-13 20:00:00,5288.0
2013-08-13 21:00:00,5288.0
2013-08-13 22:00:00,5288.0
2013-08-13 23:00:00,5288.0
2013-08-14 00:00:00,5288.0
2013-08-14 01:00:00,0.0
2013-08-14 02:00:00,0.0
2013-08-14 03:00:00,10.0
2013-08-14 04:00:00,113.0
2013-08-14 05:00:00,344.0
2013-08-14 06:00:00,742.0
2013-08-14 07:00:00,1221.0
2013-08-14 08:00:00,1794.0
2013-08-14 09:00:00,2434.0
2013-08-14 10:00:00,3115.0
2013-08-14 11:00:00,3818.0
2013-08-14 12:00:00,4481.0
2013-08-14 13:00:00,5045.0
2013-08-14 14:00:00,5473.0
2013-08-14 15:00:00,5740.0
2013-08-14 16:00:00,5861.0
2013-08-14 17:00:00,5887.0
2013-08-14 18:00:00,5887.0
2013-08-14 19:00:00,5887.0
2013-08-14 20:00:00,5887.0
2013-08-14 21:00:00,5887.0
2013-08-14 22:00:00,5887.0
2013-08-14 23:00:00,5887.0
2013-08-15 00:00:00,5887.0
2013-08-15 01:00:00,0.0
2013-08-15 02:00:00,0.0
2013-08-15 03:00:00,10.0
2013-08-15 04:00:00,111.0
2013-08-15 05:00:00,338.0
2013-08-15 06:00:00,728.0
2013-08-15 07:00:00,1171.0
2013-08-15 08:00:00,1722.0
2013-08-15 09:00:00,2360.0
2013-08-15 10:00:00,2997.0
2013-08-15 11:00:00,3629.0
2013-08-15 12:00:00,4256.0
2013-08-15 13:00:00,4787.0
2013-08-15 14:00:00,5162.0
2013-08-15 15:00:00,5392.0
2013-08-15 16:00:00,5510.0
2013-08-15 17:00:00,5532.0
2013-08-15 18:00:00,5532.0
2013-08-15 19:00:00,5532.0
2013-08-15 20:00:00,5532.0
2013-08-15 21:00:00,5532.0
2013-08-15 22:00:00,5532.0
2013-08-15 23:00:00,5532.0
2013-08-16 00:00:00,5532.0
2013-08-16 01:00:00,0.0
2013-08-16 02:00:00,0.0
2013-08-16 03:00:00,7.0
2013-08-16 04:00:00,90.0
2013-08-16 05:00:00,291.0
2013-08-16 06:00:00,625.0
2013-08-16 07:00:00,1056.0
2013-08-16 08:00:00,1656.0
2013-08-16 09:00:00,2316.0
2013-08-16 10:00:00,3023.0
2013-08-16 11:00:00,3705.0
2013-08-16 12:00:00,4269.0
2013-08-16 13:00:00,4743.0
2013-08-16 14:00:00,5091.0
2013-08-16 15:00:00,5334.0
2013-08-16 16:00:00,5456.0
2013-08-16 17:00:00,5478.0
2013-08-16 18:00:00,5478.0
2013-08-16 19:00:00,5478.0
2013-08-16 20:00:00,5478.0
2013-08-16 21:00:00,5478.0
2013-08-16 22:00:00,5478.0
2013-08-16 23:00:00,5478.0
2013-08-17 00:00:00,5478.0
2013-08-17 01:00:00,0.0
2013-08-17 02:00:00,0.0
2013-08-17 03:00:00,8.0
2013-08-17 04:00:00,107.0
2013-08-17 05:00:00,351.0
2013-08-17 06:00:00,751.0
2013-08-17 07:00:00,1287.0
2013-08-17 08:00:00,1958.0
2013-08-17 09:00:00,2706.0
2013-08-17 10:00:00,3492.0
2013-08-17 11:00:00,4259.0
2013-08-17 12:00:00,4960.0
2013-08-17 13:00:00,5558.0
2013-08-17 14:00:00,6013.0
2013-08-17 15:00:00,6308.0
2013-08-17 16:00:00,6444.0
2013-08-17 17:00:00,6466.0
2013-08-17 18:00:00,6466.0
2013-08-17 19:00:00,6466.0
2013-08-17 20:00:00,6466.0
2013-08-17 21:00:00,6466.0
2013-08-17 22:00:00,6466.0
2013-08-17 23:00:00,6466.0
2013-08-18 00:00:00,6466.0
2013-08-18 01:00:00,0.0
2013-08-18 02:00:00,0.0
2013-08-18 03:00:00,8.0
2013-08-18 04:00:00,100.0
2013-08-18 05:00:00,323.0
2013-08-18 06:00:00,701.0
2013-08-18 07:00:00,1220.0
2013-08-18 08:00:00,1828.0
2013-08-18 09:00:00,2480.0
2013-08-18 10:00:00,3103.0
2013-08-18 11:00:00,3654.0
2013-08-18 12:00:00,4025.0
2013-08-18 13:00:00,4351.0
2013-08-18 14:00:00,4617.0
2013-08-18 15:00:00,4836.0
2013-08-18 16:00:00,4952.0
2013-08-18 17:00:00,4970.0
2013-08-18 18:00:00,4970.0
2013-08-18 19:00:00,4970.0
2013-08-18 20:00:00,4970.0
2013-08-18 21:00:00,4970.0
2013-08-18 22:00:00,4970.0
2013-08-18 23:00:00,4970.0
2013-08-19 00:00:00,4970.0
2013-08-19 01:00:00,0.0
2013-08-19 02:00:00,0.0
2013-08-19 03:00:00,6.0
2013-08-19 04:00:00,83.0
2013-08-19 05:00:00,307.0
2013-08-19 06:00:00,701.0
2013-08-19 07:00:00,1236.0
2013-08-19 08:00:00,1908.0
2013-08-19 09:00:00,2660.0
2013-08-19 10:00:00,3418.0
2013-08-19 11:00:00,4173.0
2013-08-19 12:00:00,4850.0
2013-08-19 13:00:00,5431.0
2013-08-19 14:00:00,5855.0
2013-08-19 15:00:00,6127.0
2013-08-19 16:00:00,6249.0
2013-08-19 17:00:00,6267.0
2013-08-19 18:00:00,6267.0
2013-08-19 19:00:00,6267.0
2013-08-19 20:00:00,6267.0
2013-08-19 21:00:00,6267.0
2013-08-19 22:00:00,6267.0
2013-08-19 23:00:00,6267.0
2013-08-20 00:00:00,6267.0
2013-08-20 01:00:00,0.0
2013-08-20 02:00:00,0.0
2013-08-20 03:00:00,5.0
2013-08-20 04:00:00,75.0
2013-08-20 05:00:00,241.0
2013-08-20 06:00:00,442.0
2013-08-20 07:00:00,755.0
2013-08-20 08:00:00,1174.0
2013-08-20 09:00:00,1646.0
2013-08-20 10:00:00,2184.0
2013-08-20 11:00:00,2623.0
2013-08-20 12:00:00,2988.0
2013-08-20 13:00:00,3341.0
2013-08-20 14:00:00,3574.0
2013-08-20 15:00:00,3701.0
2013-08-20 16:00:00,3774.0
2013-08-20 17:00:00,3786.0
2013-08-20 18:00:00,3786.0
2013-08-20 19:00:00,3786.0
2013-08-20 20:00:00,3786.0
2013-08-20 21:00:00,3786.0
2013-08-20 22:00:00,3786.0
2013-08-20 23:00:00,3786.0
2013-08-21 00:00:00,3786.0
2013-08-21 01:00:00,0.0
2013-08-21 02:00:00,0.0
2013-08-21 03:00:00,5.0
2013-08-21 04:00:00,85.0
2013-08-21 05:00:00,300.0
2013-08-21 06:00:00,680.0
2013-08-21 07:00:00,1185.0
2013-08-21 08:00:00,1813.0
2013-08-21 09:00:00,2503.0
2013-08-21 10:00:00,3129.0
2013-08-21 11:00:00,3718.0
2013-08-21 12:00:00,4271.0
2013-08-21 13:00:00,4756.0
2013-08-21 14:00:00,5118.0
2013-08-21 15:00:00,5345.0
2013-08-21 16:00:00,5445.0
2013-08-21 17:00:00,5459.0
2013-08-21 18:00:00,5459.0
2013-08-21 19:00:00,5459.0
2013-08-21 20:00:00,5459.0
2013-08-21 21:00:00,5459.0
2013-08-21 22:00:00,5459.0
2013-08-21 23:00:00,5459.0
2013-08-22 00:00:00,5459.0
2013-08-22 01:00:00,0.0
2013-08-22 02:00:00,0.0
2013-08-22 03:00:00,4.0
2013-08-22 04:00:00,87.0
2013-08-22 05:00:00,314.0
2013-08-22 06:00:00,694.0
2013-08-22 07:00:00,1195.0
2013-08-22 08:00:00,1809.0
2013-08-22 09:00:00,2523.0
2013-08-22 10:00:00,3176.0
2013-08-22 11:00:00,3839.0
2013-08-22 12:00:00,4411.0
2013-08-22 13:00:00,4897.0
2013-08-22 14:00:00,5247.0
2013-08-22 15:00:00,5467.0
2013-08-22 16:00:00,5573.0
2013-08-22 17:00:00,5586.0
2013-08-22 18:00:00,5586.0
2013-08-22 19:00:00,5586.0
2013-08-22 20:00:00,5586.0
2013-08-22 21:00:00,5586.0
2013-08-22 22:00:00,5586.0
2013-08-22 23:00:00,5586.0
2013-08-23 00:00:00,5586.0
2013-08-23 01:00:00,0.0
2013-08-23 02:00:00,0.0
2013-08-23 03:00:00,4.0
2013-08-23 04:00:00,84.0
2013-08-23 05:00:00,305.0
2013-08-23 06:00:00,674.0
2013-08-23 07:00:00,1124.0
2013-08-23 08:00:00,1653.0
2013-08-23 09:00:00,2257.0
2013-08-23 10:00:00,2902.0
2013-08-23 11:00:00,3454.0
2013-08-23 12:00:00,3914.0
2013-08-23 13:00:00,4235.0
2013-08-23 14:00:00,4482.0
2013-08-23 15:00:00,4657.0
2013-08-23 16:00:00,4729.0
2013-08-23 17:00:00,4738.0
2013-08-23 18:00:00,4738.0
2013-08-23 19:00:00,4738.0
2013-08-23 20:00:00,4738.0
2013-08-23 21:00:00,4738.0
2013-08-23 22:00:00,4738.0
2013-08-23 23:00:00,4738.0
2013-08-24 00:00:00,4738.0
2013-08-24 01:00:00,0.0
2013-08-24 02:00:00,0.0
2013-08-24 03:00:00,2.0
2013-08-24 04:00:00,54.0
2013-08-24 05:00:00,185.0
2013-08-24 06:00:00,468.0
2013-08-24 07:00:00,921.0
2013-08-24 08:00:00,1470.0
2013-08-24 09:00:00,2056.0
2013-08-24 10:00:00,2669.0
2013-08-24 11:00:00,3307.0
2013-08-24 12:00:00,3867.0
2013-08-24 13:00:00,4316.0
2013-08-24 14:00:00,4667.0
2013-08-24 15:00:00,4872.0
2013-08-24 16:00:00,4963.0
2013-08-24 17:00:00,4972.0
2013-08-24 18:00:00,4972.0
2013-08-24 19:00:00,4972.0
2013-08-24 20:00:00,4972.0
2013-08-24 21:00:00,4972.0
2013-08-24 22:00:00,4972.0
2013-08-24 23:00:00,4972.0
2013-08-25 00:00:00,4972.0
2013-08-25 01:00:00,0.0
2013-08-25 02:00:00,0.0
2013-08-25 03:00:00,3.0
2013-08-25 04:00:00,75.0
2013-08-25 05:00:00,287.0
2013-08-25 06:00:00,655.0
2013-08-25 07:00:00,1125.0
2013-08-25 08:00:00,1677.0
2013-08-25 09:00:00,2244.0
2013-08-25 10:00:00,2805.0
2013-08-25 11:00:00,3362.0
2013-08-25 12:00:00,3843.0
2013-08-25 13:00:00,4233.0
2013-08-25 14:00:00,4521.0
2013-08-25 15:00:00,4695.0
2013-08-25 16:00:00,4768.0
2013-08-25 17:00:00,4773.0
2013-08-25 18:00:00,4773.0
2013-08-25 19:00:00,4773.0
2013-08-25 20:00:00,4773.0
2013-08-25 21:00:00,4773.0
2013-08-25 22:00:00,4773.0
2013-08-25 23:00:00,4773.0
2013-08-26 00:00:00,4773.0
2013-08-26 01:00:00,0.0
2013-08-26 02:00:00,0.0
2013-08-26 03:00:00,1.0
2013-08-26 04:00:00,33.0
2013-08-26 05:00:00,117.0
2013-08-26 06:00:00,286.0
2013-08-26 07:00:00,505.0
2013-08-26 08:00:00,946.0
2013-08-26 09:00:00,1440.0
2013-08-26 10:00:00,1970.0
2013-08-26 11:00:00,2375.0
2013-08-26 12:00:00,2714.0
2013-08-26 13:00:00,3070.0
2013-08-26 14:00:00,3328.0
2013-08-26 15:00:00,3474.0
2013-08-26 16:00:00,3555.0
2013-08-26 17:00:00,3561.0
2013-08-26 18:00:00,3561.0
2013-08-26 19:00:00,3561.0
2013-08-26 20:00:00,3561.0
2013-08-26 21:00:00,3561.0
2013-08-26 22:00:00,3561.0
2013-08-26 23:00:00,3561.0
2013-08-27 00:00:00,3561.0
2013-08-27 01:00:00,0.0
2013-08-27 02:00:00,0.0
2013-08-27 03:00:00,1.0
2013-08-27 04:00:00,31.0
2013-08-27 05:00:00,132.0
2013-08-27 06:00:00,316.0
2013-08-27 07:00:00,448.0
2013-08-27 08:00:00,579.0
2013-08-27 09:00:00,743.0
2013-08-27 10:00:00,889.0
2013-08-27 11:00:00,1041.0
2013-08-27 12:00:00,1184.0
2013-08-27 13:00:00,1292.0
2013-08-27 14:00:00,1368.0
2013-08-27 15:00:00,1453.0
2013-08-27 16:00:00,1480.0
2013-08-27 17:00:00,1482.0
2013-08-27 18:00:00,1482.0
2013-08-27 19:00:00,1482.0
2013-08-27 20:00:00,1482.0
2013-08-27 21:00:00,1482.0
2013-08-27 22:00:00,1482.0
2013-08-27 23:00:00,1482.0
2013-08-28 00:00:00,1482.0
2013-08-28 01:00:00,0.0
2013-08-28 02:00:00,0.0
2013-08-28 03:00:00,0.0
2013-08-28 04:00:00,13.0
2013-08-28 05:00:00,55.0
2013-08-28 06:00:00,140.0
2013-08-28 07:00:00,414.0
2013-08-28 08:00:00,781.0
2013-08-28 09:00:00,1168.0
2013-08-28 10:00:00,1508.0
2013-08-28 11:00:00,1757.0
2013-08-28 12:00:00,2041.0
2013-08-28 13:00:00,2302.0
2013-08-28 14:00:00,2507.0
2013-08-28 15:00:00,2633.0
2013-08-28 16:00:00,2696.0
2013-08-28 17:00:00,2699.0
2013-08-28 18:00:00,2699.0
2013-08-28 19:00:00,2699.0
2013-08-28 20:00:00,2699.0
2013-08-28 21:00:00,2699.0
2013-08-28 22:00:00,2699.0
2013-08-28 23:00:00,2699.0
2013-08-29 00:00:00,2699.0
2013-08-29 01:00:00,0.0
2013-08-29 02:00:00,0.0
2013-08-29 03:00:00,1.0
2013-08-29 04:00:00,45.0
2013-08-29 05:00:00,136.0
2013-08-29 06:00:00,224.0
2013-08-29 07:00:00,372.0
2013-08-29 08:00:00,479.0
2013-08-29 09:00:00,582.0
2013-08-29 10:00:00,697.0
2013-08-29 11:00:00,799.0
2013-08-29 12:00:00,881.0
2013-08-29 13:00:00,948.0
2013-08-29 14:00:00,1000.0
2013-08-29 15:00:00,1031.0
2013-08-29 16:00:00,1043.0
2013-08-29 17:00:00,1044.0
2013-08-29 18:00:00,1044.0
2013-08-29 19:00:00,1044.0
2013-08-29 20:00:00,1044.0
2013-08-29 21:00:00,1044.0
2013-08-29 22:00:00,1044.0
2013-08-29 23:00:00,1044.0
2013-08-30 00:00:00,1044.0
2013-08-30 01:00:00,0.0
2013-08-30 02:00:00,0.0
2013-08-30 03:00:00,0.0
2013-08-30 04:00:00,29.0
2013-08-30 05:00:00,114.0
2013-08-30 06:00:00,258.0
2013-08-30 07:00:00,476.0
2013-08-30 08:00:00,669.0
2013-08-30 09:00:00,961.0
2013-08-30 10:00:00,1217.0
2013-08-30 11:00:00,1494.0
2013-08-30 12:00:00,1800.0
2013-08-30 13:00:00,2048.0
2013-08-30 14:00:00,2137.0
2013-08-30 15:00:00,2188.0
2013-08-30 16:00:00,2204.0
2013-08-30 17:00:00,2206.0
2013-08-30 18:00:00,2206.0
2013-08-30 19:00:00,2206.0
2013-08-30 20:00:00,2206.0
2013-08-30 21:00:00,2206.0
2013-08-30 22:00:00,2206.0
2013-08-30 23:00:00,2206.0
2013-08-31 00:00:00,2206.0
2013-08-31 01:00:00,0.0
2013-08-31 02:00:00,0.0
2013-08-31 03:00:00,0.0
2013-08-31 04:00:00,21.0
2013-08-31 05:00:00,49.0
2013-08-31 06:00:00,192.0
2013-08-31 07:00:00,363.0
2013-08-31 08:00:00,602.0
2013-08-31 09:00:00,844.0
2013-08-31 10:00:00,1120.0
2013-08-31 11:00:00,1358.0
2013-08-31 12:00:00,1518.0
2013-08-31 13:00:00,1671.0
2013-08-31 14:00:00,1808.0
2013-08-31 15:00:00,1914.0
2013-08-31 16:00:00,1950.0
2013-08-31 17:00:00,1952.0
2013-08-31 18:00:00,1952.0
2013-08-31 19:00:00,1952.0
2013-08-31 20:00:00,1952.0
2013-08-31 21:00:00,1952.0
2013-08-31 22:00:00,1952.0
2013-08-31 23:00:00,1952.0
